Topo,Z,Corr,Lmax,K,Theta,Lambda,b,REPS,STEPS,C_mean,C_std,SE_C,V_mean,V_std,SE_V
BA,4,max,4,0.5,0.0,0.0,1.0,50,15000,1.0,0.0,0.0,0.9968,0.001743559577416271,0.0002465765601187593
BA,4,max,4,0.5,0.0,0.0,1.1,50,15000,1.0,0.0,0.0,0.9969599999999998,0.001611955334368792,0.00022796490958040027
BA,4,max,4,0.5,0.0,0.0,1.2,50,15000,1.0,0.0,0.0,0.9969999999999999,0.0017088007490635077,0.00024166091947189165
BA,4,max,4,0.5,0.0,0.0,1.3,50,15000,1.0,0.0,0.0,0.9968799999999999,0.0018400000000000018,0.0002602152954766497
BA,4,max,4,0.5,0.0,0.0,1.4,50,15000,1.0,0.0,0.0,0.9967599999999999,0.0016918628786045295,0.0002392655428598111
BA,4,max,4,0.5,0.0,0.0,1.5,50,15000,1.0,0.0,0.0,0.99704,0.0016608431593621372,0.00023487869209445138
BA,4,max,4,0.5,0.0,0.0,1.6,50,15000,0.98,0.13999999999999999,0.019798989873223326,0.97712,0.13902814679049705,0.01966154907427184
BA,4,max,4,0.5,0.0,0.0,1.7,50,15000,1.0,0.0,0.0,0.9967199999999999,0.0019082976707002516,0.00026987404469492823
BA,4,max,4,0.5,0.0,0.0,1.8,50,15000,0.96,0.19595917942265428,0.02771281292110204,0.9574799999999999,0.19483564766233102,0.027553921535781435
BA,4,max,4,0.5,0.0,0.0,1.9,50,15000,0.98,0.13999999999999999,0.019798989873223326,0.97736,0.13905707605152642,0.019665640289601556
BA,4,max,4,0.5,0.0,0.0,2.0,50,15000,1.0,0.0,0.0,0.9967999999999999,0.0018330302779823377,0.00025922962793631463
BA,4,max,4,0.5,0.0,0.1,1.0,50,15000,1.0,0.0,0.0,0.9967199999999999,0.0018225257199831245,0.0002577440590973924
BA,4,max,4,0.5,0.0,0.1,1.1,50,15000,1.0,0.0,0.0,0.9967199999999999,0.0016857046004564397,0.00023839463081202163
BA,4,max,4,0.5,0.0,0.1,1.2,50,15000,1.0,0.0,0.0,0.9969199999999999,0.0015078461459976625,0.0002132416469641896
BA,4,max,4,0.5,0.0,0.1,1.3,50,15000,1.0,0.0,0.0,0.997,0.001400000000000001,0.00019798989873223344
BA,4,max,4,0.5,0.0,0.1,1.4,50,15000,1.0,0.0,0.0,0.99708,0.0012781236246936377,0.0001807539764431202
BA,4,max,4,0.5,0.0,0.1,1.5,50,15000,1.0,0.0,0.0,0.99708,0.0014538225476309011,0.00020560155641434252
BA,4,max,4,0.5,0.0,0.1,1.6,50,15000,1.0,0.0,0.0,0.99708,0.0012139192724394826,0.00017167410987099964
BA,4,max,4,0.5,0.0,0.1,1.7,50,15000,1.0,0.0,0.0,0.9974000000000001,0.0011489125293076068,0.00016248076809271937
BA,4,max,4,0.5,0.0,0.1,1.8,50,15000,0.98,0.13999999999999999,0.019798989873223326,0.9775999999999999,0.1393751771299323,0.019710626575530268
BA,4,max,4,0.5,0.0,0.1,1.9,50,15000,0.98,0.13999999999999999,0.019798989873223326,0.9773999999999999,0.13934834049962705,0.01970683130287566
BA,4,max,4,0.5,0.0,0.1,2.0,50,15000,0.98,0.13999999999999999,0.019798989873223326,0.9769600000000002,0.13928804112342164,0.019698303683312428
BA,4,max,4,0.5,0.0,0.2,1.0,50,15000,1.0,0.0,0.0,0.99684,0.001836954000512807,0.0002597845260980725
BA,4,max,4,0.5,0.0,0.2,1.1,50,15000,1.0,0.0,0.0,0.9967600000000002,0.001871470010446335,0.0002646658270347725
BA,4,max,4,0.5,0.0,0.2,1.2,50,15000,1.0,0.0,0.0,0.99696,0.0016119553343687924,0.00022796490958040035
BA,4,max,4,0.5,0.0,0.2,1.3,50,15000,1.0,0.0,0.0,0.99688,0.0015574337867145442,0.00022025439836697945
BA,4,max,4,0.5,0.0,0.2,1.4,50,15000,1.0,0.0,0.0,0.9970399999999999,0.0013994284547628733,0.00019790907002964787
BA,4,max,4,0.5,0.0,0.2,1.5,50,15000,1.0,0.0,0.0,0.99668,0.0017255723688098408,0.00024403278468271451
BA,4,max,4,0.5,0.0,0.2,1.6,50,15000,0.98,0.13999999999999999,0.019798989873223326,0.9769600000000002,0.13929206151105666,0.019698872251984374
BA,4,max,4,0.5,0.0,0.2,1.7,50,15000,1.0,0.0,0.0,0.99688,0.0015574337867145442,0.00022025439836697945
BA,4,max,4,0.5,0.0,0.2,1.8,50,15000,0.96,0.19595917942265428,0.02771281292110204,0.9576399999999999,0.19487008595472013,0.027558791845797598
BA,4,max,4,0.5,0.0,0.2,1.9,50,15000,0.98,0.13999999999999999,0.019798989873223326,0.97716,0.13902925735254432,0.01966170613146275
BA,4,max,4,0.5,0.0,0.2,2.0,50,15000,1.0,0.0,0.0,0.9972,0.0014966629547095778,0.0002116601048851674
BA,4,max,4,0.5,0.0,0.5,1.0,50,15000,1.0,0.0,0.0,0.9964799999999999,0.002022275945562328,0.0002859930069075119
BA,4,max,4,0.5,0.0,0.5,1.1,50,15000,1.0,0.0,0.0,0.99716,0.0014472042012100448,0.00020466558088745669
BA,4,max,4,0.5,0.0,0.5,1.2,50,15000,1.0,0.0,0.0,0.99676,0.001955095905575992,0.00027649231454056756
BA,4,max,4,0.5,0.0,0.5,1.3,50,15000,1.0,0.0,0.0,0.9969199999999999,0.0019270703152713463,0.0002725288975503334
BA,4,max,4,0.5,0.0,0.5,1.4,50,15000,1.0,0.0,0.0,0.99676,0.00203528867731337,0.00028783328508009655
BA,4,max,4,0.5,0.0,0.5,1.5,50,15000,1.0,0.0,0.0,0.9963200000000001,0.0026641321288554762,0.000376765178858132
BA,4,max,4,0.5,0.0,0.5,1.6,50,15000,1.0,0.0,0.0,0.9969199999999999,0.001798221343439123,0.0002543069012040375
BA,4,max,4,0.5,0.0,0.5,1.7,50,15000,0.98,0.13999999999999999,0.019798989873223326,0.9768000000000001,0.13785035364481296,0.01949498397024219
BA,4,max,4,0.5,0.0,0.5,1.8,50,15000,0.98,0.13999999999999999,0.019798989873223326,0.9765600000000001,0.137821356835579,0.01949088320215377
BA,4,max,4,0.5,0.0,0.5,1.9,50,15000,0.96,0.19595917942265428,0.02771281292110204,0.95736,0.19399894432702464,0.027435593815334124
BA,4,max,4,0.5,0.0,0.5,2.0,50,15000,0.94,0.23748684174075838,0.033585711247493336,0.93744,0.2351656573566812,0.033257446203820276
BA,4,max,4,0.5,0.0,0.7,1.0,50,15000,1.0,0.0,0.0,0.9964399999999999,0.002050950998927085,0.00029004827184453305
BA,4,max,4,0.5,0.0,0.7,1.1,50,15000,1.0,0.0,0.0,0.9967199999999999,0.001778088861671431,0.00025145973832802756
BA,4,max,4,0.5,0.0,0.7,1.2,50,15000,1.0,0.0,0.0,0.99704,0.0016608431593621372,0.00023487869209445138
BA,4,max,4,0.5,0.0,0.7,1.3,50,15000,1.0,0.0,0.0,0.99712,0.002405327420539668,0.00034016466600750913
BA,4,max,4,0.5,0.0,0.7,1.4,50,15000,1.0,0.0,0.0,0.99708,0.0015600000000000013,0.000220617315730203
BA,4,max,4,0.5,0.0,0.7,1.5,50,15000,1.0,0.0,0.0,0.99696,0.0015615377036754523,0.0002208347798694764
BA,4,max,4,0.5,0.0,0.7,1.6,50,15000,1.0,0.0,0.0,0.9969199999999999,0.0017531685600648916,0.000247935475476988
BA,4,max,4,0.5,0.0,0.7,1.7,50,15000,1.0,0.0,0.0,0.99704,0.0016119553343687924,0.00022796490958040035
BA,4,max,4,0.5,0.0,0.7,1.8,50,15000,0.98,0.13999999999999999,0.019798989873223326,0.9771199999999999,0.1387430200046114,0.019621226057512306
BA,4,max,4,0.5,0.0,0.7,1.9,50,15000,1.0,0.0,0.0,0.9972,0.0014966629547095778,0.0002116601048851674
BA,4,max,4,0.5,0.0,0.7,2.0,50,15000,0.98,0.13999999999999999,0.019798989873223326,0.97728,0.13847614090521154,0.019583483653323786
BA,4,max,4,0.5,0.0,1.0,1.0,50,15000,1.0,0.0,0.0,0.9968400000000002,0.0018800000000000017,0.0002658721497261421
BA,4,max,4,0.5,0.0,1.0,1.1,50,15000,1.0,0.0,0.0,0.9965999999999999,0.002088061301782112,0.0002952964612046683
BA,4,max,4,0.5,0.0,1.0,1.2,50,15000,1.0,0.0,0.0,0.99684,0.0019632625906892856,0.0002776472582252526
BA,4,max,4,0.5,0.0,1.0,1.3,50,15000,1.0,0.0,0.0,0.9968,0.0018761663039293735,0.00026532998322843223
BA,4,max,4,0.5,0.0,1.0,1.4,50,15000,1.0,0.0,0.0,0.9968800000000002,0.001924993506482556,0.0002722351924347771
BA,4,max,4,0.5,0.0,1.0,1.5,50,15000,0.98,0.13999999999999999,0.019798989873223326,0.97724,0.138758431815872,0.019623405616762853
BA,4,max,4,0.5,0.0,1.0,1.6,50,15000,1.0,0.0,0.0,0.9969999999999999,0.0015099668870541512,0.0002135415650406264
BA,4,max,4,0.5,0.0,1.0,1.7,50,15000,0.98,0.13999999999999999,0.019798989873223326,0.97712,0.1378841020567636,0.019499756716431105
BA,4,max,4,0.5,0.0,1.0,1.8,50,15000,0.96,0.19595917942265428,0.02771281292110204,0.9572400000000001,0.19397479836308634,0.027432179060366314
BA,4,max,4,0.5,0.0,1.0,1.9,50,15000,0.98,0.13999999999999999,0.019798989873223326,0.9772,0.1378915515903712,0.019500810239577226
BA,4,max,4,0.5,0.0,1.0,2.0,50,15000,0.98,0.13999999999999999,0.019798989873223326,0.9772000000000002,0.13789271191763544,0.019500974334632614
BA,4,max,4,0.5,0.0,2.0,1.0,50,15000,1.0,0.0,0.0,0.9963199999999999,0.0024449130863897824,0.00034576292455958926
BA,4,max,4,0.5,0.0,2.0,1.1,50,15000,1.0,0.0,0.0,0.99676,0.002186869909253865,0.00030927010848124357
BA,4,max,4,0.5,0.0,2.0,1.2,50,15000,1.0,0.0,0.0,0.9965600000000001,0.001745393938341716,0.0002468359779286644
BA,4,max,4,0.5,0.0,2.0,1.3,50,15000,1.0,0.0,0.0,0.99668,0.0018594622878671152,0.00026296767862229786
BA,4,max,4,0.5,0.0,2.0,1.4,50,15000,1.0,0.0,0.0,0.9965999999999999,0.0017088007490635075,0.00024166091947189162
BA,4,max,4,0.5,0.0,2.0,1.5,50,15000,1.0,0.0,0.0,0.99684,0.001792874786481199,0.00025355078386784787
BA,4,max,4,0.5,0.0,2.0,1.6,50,15000,1.0,0.0,0.0,0.99716,0.001553833967964404,0.00021974530711712614
BA,4,max,4,0.5,0.0,2.0,1.7,50,15000,1.0,0.0,0.0,0.99688,0.001607980099379344,0.00022740272645683054
BA,4,max,4,0.5,0.0,2.0,1.8,50,15000,1.0,0.0,0.0,0.9969999999999999,0.0015620499351813326,0.00022090722034374545
BA,4,max,4,0.5,0.0,2.0,1.9,50,15000,1.0,0.0,0.0,0.99716,0.0013908270920570981,0.00019669265365030814
BA,4,max,4,0.5,0.0,2.0,2.0,50,15000,0.98,0.13999999999999999,0.019798989873223326,0.977,0.13729690455359875,0.019416714449154368
BA,4,max,4,0.5,0.1,0.0,1.0,50,15000,1.0,0.0,0.0,0.9967199999999999,0.0018225257199831245,0.0002577440590973924
BA,4,max,4,0.5,0.1,0.0,1.1,50,15000,1.0,0.0,0.0,0.99676,0.0016438978070427628,0.00023248225738752641
BA,4,max,4,0.5,0.1,0.0,1.2,50,15000,1.0,0.0,0.0,0.9967999999999999,0.0016492422502470657,0.0002332380757938122
BA,4,max,4,0.5,0.1,0.0,1.3,50,15000,1.0,0.0,0.0,0.9969999999999999,0.001400000000000001,0.00019798989873223344
BA,4,max,4,0.5,0.1,0.0,1.4,50,15000,1.0,0.0,0.0,0.9970000000000002,0.0014560219778561052,0.00020591260281974021
BA,4,max,4,0.5,0.1,0.0,1.5,50,15000,1.0,0.0,0.0,0.9968400000000002,0.0015014659503298782,0.00021233935103979215
BA,4,max,4,0.5,0.1,0.0,1.6,50,15000,1.0,0.0,0.0,0.9571199999999999,0.19537457767068878,0.02763013774848037
BA,4,max,4,0.5,0.1,0.0,1.7,50,15000,1.0,0.0,0.0,0.9376400000000001,0.23689244479299038,0.03350165082499667
BA,4,max,4,0.5,0.1,0.0,1.8,50,15000,0.9753917333333334,0.14302530998119803,0.020226833313802626,0.93744,0.2368432528065767,0.033494694027562034
BA,4,max,4,0.5,0.1,0.0,1.9,50,15000,0.9570081333333333,0.1642259718168299,0.023225059663726254,0.9176000000000001,0.2705881002557208,0.038266936119841104
BA,4,max,4,0.5,0.1,0.0,2.0,50,15000,0.9503878666666666,0.17936085356963116,0.025365455167698715,0.9170800000000001,0.2704373376588373,0.03824561506891999
BA,4,max,4,0.5,0.1,0.1,1.0,50,15000,1.0,0.0,0.0,0.99684,0.001836954000512807,0.0002597845260980725
BA,4,max,4,0.5,0.1,0.1,1.1,50,15000,1.0,0.0,0.0,0.9968,0.0019183326093250898,0.000271293199325011
BA,4,max,4,0.5,0.1,0.1,1.2,50,15000,1.0,0.0,0.0,0.9968,0.0017888543819998336,0.0002529822128134706
BA,4,max,4,0.5,0.1,0.1,1.3,50,15000,1.0,0.0,0.0,0.997,0.0015099668870541512,0.0002135415650406264
BA,4,max,4,0.5,0.1,0.1,1.4,50,15000,1.0,0.0,0.0,0.99708,0.001397712416772493,0.00019766638560969352
BA,4,max,4,0.5,0.1,0.1,1.5,50,15000,1.0,0.0,0.0,0.99684,0.0016536021286875523,0.00023385465571589564
BA,4,max,4,0.5,0.1,0.1,1.6,50,15000,0.98,0.13999999999999999,0.019798989873223326,0.9370800000000001,0.23675581006598337,0.03348232775659422
BA,4,max,4,0.5,0.1,0.1,1.7,50,15000,1.0,0.0,0.0,0.9568000000000001,0.1953196354696578,0.027622367747895907
BA,4,max,4,0.5,0.1,0.1,1.8,50,15000,0.94,0.23748684174075835,0.03358571124749333,0.9372,0.236447372580031,0.03343870810901641
BA,4,max,4,0.5,0.1,0.1,1.9,50,15000,0.9253650666666665,0.24464474070895353,0.03459799102738513,0.8975200000000001,0.2991760846057051,0.04230988763870687
BA,4,max,4,0.5,0.1,0.1,2.0,50,15000,0.9445452,0.1808203699207955,0.025571861949530903,0.8974399999999999,0.2991494716692643,0.042306124001141955
BA,4,max,4,0.5,0.1,0.2,1.0,50,15000,1.0,0.0,0.0,0.9965999999999999,0.0020099751242241798,0.00028425340807103816
BA,4,max,4,0.5,0.1,0.2,1.1,50,15000,1.0,0.0,0.0,0.9964400000000001,0.001971395444856259,0.00027879741749162624
BA,4,max,4,0.5,0.1,0.2,1.2,50,15000,1.0,0.0,0.0,0.9965199999999999,0.002032141727340888,0.0002873882391469772
BA,4,max,4,0.5,0.1,0.2,1.3,50,15000,1.0,0.0,0.0,0.997,0.0017088007490635077,0.00024166091947189165
BA,4,max,4,0.5,0.1,0.2,1.4,50,15000,1.0,0.0,0.0,0.99696,0.0016608431593621372,0.00023487869209445138
BA,4,max,4,0.5,0.1,0.2,1.5,50,15000,1.0,0.0,0.0,0.9967599999999999,0.001955095905575992,0.00027649231454056756
BA,4,max,4,0.5,0.1,0.2,1.6,50,15000,1.0,0.0,0.0,0.9772,0.1396074496579606,0.0197434748714607
BA,4,max,4,0.5,0.1,0.2,1.7,50,15000,1.0,0.0,0.0,0.99724,0.0010499523798725358,0.0001484856895461648
BA,4,max,4,0.5,0.1,0.2,1.8,50,15000,0.9975296,0.01729279999999985,0.002445571229140525,0.9767999999999999,0.1395535739420528,0.019735855694648762
BA,4,max,4,0.5,0.1,0.2,1.9,50,15000,0.9937583999999999,0.043691200000000076,0.006178868759635548,0.9766800000000001,0.13953729823957464,0.019733553962730584
BA,4,max,4,0.5,0.1,0.2,2.0,50,15000,0.9914055999999999,0.0601607999999999,0.008508021928321516,0.97648,0.13950745356431676,0.019729333288279152
BA,4,max,4,0.5,0.1,0.5,1.0,50,15000,1.0,0.0,0.0,0.9966799999999999,0.0019019989484750002,0.0002689832708552711
BA,4,max,4,0.5,0.1,0.5,1.1,50,15000,1.0,0.0,0.0,0.9968400000000002,0.0016044936896105278,0.00022690967365892554
BA,4,max,4,0.5,0.1,0.5,1.2,50,15000,1.0,0.0,0.0,0.9967199999999999,0.0017325126262166186,0.00024501428529781705
BA,4,max,4,0.5,0.1,0.5,1.3,50,15000,1.0,0.0,0.0,0.9967600000000002,0.0016918628786045295,0.0002392655428598111
BA,4,max,4,0.5,0.1,0.5,1.4,50,15000,1.0,0.0,0.0,0.9965600000000001,0.00200159936051149,0.00028306889620726637
BA,4,max,4,0.5,0.1,0.5,1.5,50,15000,1.0,0.0,0.0,0.9965600000000001,0.0017906423428479528,0.0002532350686615108
BA,4,max,4,0.5,0.1,0.5,1.6,50,15000,1.0,0.0,0.0,0.9964400000000001,0.001663249830903345,0.00023521904684782672
BA,4,max,4,0.5,0.1,0.5,1.7,50,15000,1.0,0.0,0.0,0.97708,0.13959209719751328,0.01974130370568266
BA,4,max,4,0.5,0.1,0.5,1.8,50,15000,0.9949774666666668,0.03515773333333326,0.004972054330229654,0.9766399999999998,0.13953261410867354,0.01973289152658576
BA,4,max,4,0.5,0.1,0.5,1.9,50,15000,0.9864995999999999,0.06615869490060314,0.009356252359733667,0.95664,0.19528335925009074,0.027617237515725573
BA,4,max,4,0.5,0.1,0.5,2.0,50,15000,0.98,0.13999999999999999,0.019798989873223326,0.9768000000000001,0.139552427424248,0.01973569355254586
BA,4,max,4,0.5,0.1,0.7,1.0,50,15000,1.0,0.0,0.0,0.99676,0.001871470010446335,0.0002646658270347725
BA,4,max,4,0.5,0.1,0.7,1.1,50,15000,1.0,0.0,0.0,0.9963199999999999,0.0024119701490690156,0.0003411040896852458
BA,4,max,4,0.5,0.1,0.7,1.2,50,15000,1.0,0.0,0.0,0.9962800000000002,0.002154437281519239,0.00030468344228067295
BA,4,max,4,0.5,0.1,0.7,1.3,50,15000,1.0,0.0,0.0,0.9968799999999999,0.001750885490259145,0.0002476126006486748
BA,4,max,4,0.5,0.1,0.7,1.4,50,15000,1.0,0.0,0.0,0.9969600000000001,0.0015094369811290578,0.00021346662502602152
BA,4,max,4,0.5,0.1,0.7,1.5,50,15000,0.98,0.13999999999999999,0.019798989873223326,0.97736,0.13962661064424647,0.01974618464412809
BA,4,max,4,0.5,0.1,0.7,1.6,50,15000,1.0,0.0,0.0,0.99708,0.0016104657711357932,0.00022775425352778835
BA,4,max,4,0.5,0.1,0.7,1.7,50,15000,0.98,0.13999999999999999,0.019798989873223326,0.97712,0.13845268361429472,0.019580166291428676
BA,4,max,4,0.5,0.1,0.7,1.8,50,15000,0.9738234666666666,0.1456786439514653,0.020602071402428347,0.9570000000000001,0.19535454947351494,0.02762730533367306
BA,4,max,4,0.5,0.1,0.7,1.9,50,15000,0.96,0.19595917942265428,0.02771281292110204,0.9571600000000001,0.1951828230147315,0.027603019544970075
BA,4,max,4,0.5,0.1,0.7,2.0,50,15000,0.98,0.13999999999999999,0.019798989873223326,0.9773999999999999,0.137920121809691,0.01950485067874143
BA,4,max,4,0.5,0.1,1.0,1.0,50,15000,1.0,0.0,0.0,0.99708,0.0015600000000000015,0.00022061731573020304
BA,4,max,4,0.5,0.1,1.0,1.1,50,15000,1.0,0.0,0.0,0.9968400000000002,0.0017476841819962796,0.0002471598672924067
BA,4,max,4,0.5,0.1,1.0,1.2,50,15000,1.0,0.0,0.0,0.9967199999999999,0.001637559159236699,0.00023158583721808224
BA,4,max,4,0.5,0.1,1.0,1.3,50,15000,1.0,0.0,0.0,0.99668,0.0019843386807699955,0.0002806278674686463
BA,4,max,4,0.5,0.1,1.0,1.4,50,15000,0.98,0.13999999999999999,0.019798989873223326,0.9771600000000003,0.13874701582376467,0.01962179115167624
BA,4,max,4,0.5,0.1,1.0,1.5,50,15000,0.98,0.13999999999999999,0.019798989873223326,0.9768799999999999,0.13842263398736496,0.019575916632433844
BA,4,max,4,0.5,0.1,1.0,1.6,50,15000,1.0,0.0,0.0,0.9768399999999999,0.13955993121236482,0.019736754748438255
BA,4,max,4,0.5,0.1,1.0,1.7,50,15000,1.0,0.0,0.0,0.9965999999999999,0.0019287301521985925,0.0002727636339397173
BA,4,max,4,0.5,0.1,1.0,1.8,50,15000,1.0,0.0,0.0,0.99652,0.0021094074997496355,0.00029831526947174554
BA,4,max,4,0.5,0.1,1.0,1.9,50,15000,1.0,0.0,0.0,0.9967199999999999,0.002821630734167747,0.00039903884522687807
BA,4,max,4,0.5,0.1,1.0,2.0,50,15000,0.98,0.13999999999999999,0.019798989873223326,0.9773200000000002,0.13905372199261692,0.019665165954041677
BA,4,max,4,0.5,0.1,2.0,1.0,50,15000,1.0,0.0,0.0,0.99704,0.0014554724318928214,0.0002058348852842979
BA,4,max,4,0.5,0.1,2.0,1.1,50,15000,1.0,0.0,0.0,0.9968,0.0016492422502470659,0.00023323807579381226
BA,4,max,4,0.5,0.1,2.0,1.2,50,15000,1.0,0.0,0.0,0.9970399999999999,0.001509436981129058,0.00021346662502602155
BA,4,max,4,0.5,0.1,2.0,1.3,50,15000,1.0,0.0,0.0,0.99696,0.0017545369759569063,0.0002481289987083334
BA,4,max,4,0.5,0.1,2.0,1.4,50,15000,1.0,0.0,0.0,0.99696,0.0016608431593621372,0.00023487869209445138
BA,4,max,4,0.5,0.1,2.0,1.5,50,15000,1.0,0.0,0.0,0.99704,0.0014554724318928214,0.0002058348852842979
BA,4,max,4,0.5,0.1,2.0,1.6,50,15000,1.0,0.0,0.0,0.9967999999999998,0.0016970562748477155,0.0002400000000000002
BA,4,max,4,0.5,0.1,2.0,1.7,50,15000,1.0,0.0,0.0,0.97648,0.13950860045172842,0.019729495482652362
BA,4,max,4,0.5,0.1,2.0,1.8,50,15000,0.9894752,0.051594606161497227,0.007296579177888783,0.9570799999999999,0.1953700939243261,0.02762950365098874
BA,4,max,4,0.5,0.1,2.0,1.9,50,15000,0.9720632,0.14956328064655441,0.02115144199233707,0.9574399999999998,0.19422092163307225,0.027466986147009282
BA,4,max,4,0.5,0.1,2.0,2.0,50,15000,0.96,0.19595917942265428,0.02771281292110204,0.95696,0.19412583135688044,0.027453538351185254
BA,4,max,4,0.5,0.2,0.0,1.0,50,15000,1.0,0.0,0.0,0.9768799999999999,0.13956627672901503,0.019737652140008954
BA,4,max,4,0.5,0.2,0.0,1.1,50,15000,1.0,0.0,0.0,0.9568800000000001,0.19533157860417755,0.027624056762177416
BA,4,max,4,0.5,0.2,0.0,1.2,50,15000,1.0,0.0,0.0,0.9569600000000001,0.19534594544039044,0.027626088539639482
BA,4,max,4,0.5,0.2,0.0,1.3,50,15000,1.0,0.0,0.0,0.91724,0.27048338655081944,0.038252127365677326
BA,4,max,4,0.5,0.2,0.0,1.4,50,15000,1.0,0.0,0.0,0.91736,0.27051756024332324,0.03825696025561885
BA,4,max,4,0.5,0.2,0.0,1.5,50,15000,1.0,0.0,0.0,0.89716,0.2990574767498716,0.04229311395487449
BA,4,max,4,0.5,0.2,0.0,1.6,50,15000,1.0,0.0,0.0,0.85724,0.3458783346785398,0.04891458318334114
BA,4,max,4,0.5,0.2,0.0,1.7,50,15000,1.0,0.0,0.0,0.83764,0.3655784873320639,0.05170060548968455
BA,4,max,4,0.5,0.2,0.0,1.8,50,15000,0.8928542666666667,0.2739877182292342,0.038747714704344106,0.75748,0.4256738300624082,0.06019937036215578
BA,4,max,4,0.5,0.2,0.0,1.9,50,15000,0.8609603999999998,0.287417415587419,0.040646960718595214,0.7578000000000001,0.4258486585631097,0.06022409484583392
BA,4,max,4,0.5,0.2,0.0,2.0,50,15000,0.7877924000000001,0.27057831067551913,0.038265551664131994,0.5782400000000001,0.49206205137157244,0.06958808265788044
BA,4,max,4,0.5,0.2,0.1,1.0,50,15000,1.0,0.0,0.0,0.9965999999999999,0.0020099751242241798,0.00028425340807103816
BA,4,max,4,0.5,0.2,0.1,1.1,50,15000,1.0,0.0,0.0,0.9962399999999999,0.0021406541056415464,0.0003027342068547923
BA,4,max,4,0.5,0.2,0.1,1.2,50,15000,1.0,0.0,0.0,0.95668,0.19529162194011293,0.027618406036554678
BA,4,max,4,0.5,0.2,0.1,1.3,50,15000,1.0,0.0,0.0,0.9371200000000001,0.2367652542076223,0.03348366335991329
BA,4,max,4,0.5,0.2,0.1,1.4,50,15000,1.0,0.0,0.0,0.8371600000000001,0.3653699692092934,0.051671116573962284
BA,4,max,4,0.5,0.2,0.1,1.5,50,15000,1.0,0.0,0.0,0.83732,0.36544276925395586,0.05168141205501259
BA,4,max,4,0.5,0.2,0.1,1.6,50,15000,1.0,0.0,0.0,0.7975200000000001,0.3987619961831869,0.056393462316123126
BA,4,max,4,0.5,0.2,0.1,1.7,50,15000,1.0,0.0,0.0,0.71792,0.4477032874572176,0.06331480610410174
BA,4,max,4,0.5,0.2,0.1,1.8,50,15000,0.9263684000000001,0.1189734688916259,0.016825389326911085,0.69788,0.4568718700029583,0.06461143948249412
BA,4,max,4,0.5,0.2,0.1,1.9,50,15000,0.8770173333333333,0.1803974002719797,0.025512045008148156,0.6778400000000001,0.46499580041114347,0.06576033673879719
BA,4,max,4,0.5,0.2,0.1,2.0,50,15000,0.8796638666666666,0.20315577469776444,0.028730565185199133,0.73764,0.43723708717353793,0.06183466186533246
BA,4,max,4,0.5,0.2,0.2,1.0,50,15000,1.0,0.0,0.0,0.99664,0.0016218507946170648,0.00022936433898930342
BA,4,max,4,0.5,0.2,0.2,1.1,50,15000,1.0,0.0,0.0,0.9969999999999999,0.001280624847486571,0.00018110770276274848
BA,4,max,4,0.5,0.2,0.2,1.2,50,15000,1.0,0.0,0.0,0.9770000000000002,0.1395754992826463,0.01973895640605146
BA,4,max,4,0.5,0.2,0.2,1.3,50,15000,1.0,0.0,0.0,0.97708,0.1395909509961158,0.019741141608326504
BA,4,max,4,0.5,0.2,0.2,1.4,50,15000,0.98,0.13999999999999999,0.019798989873223326,0.8972399999999999,0.29908551018061713,0.04229707848067051
BA,4,max,4,0.5,0.2,0.2,1.5,50,15000,0.98,0.13999999999999999,0.019798989873223326,0.8572799999999999,0.34589264461679436,0.04891660691421677
BA,4,max,4,0.5,0.2,0.2,1.6,50,15000,0.96,0.19595917942265428,0.02771281292110204,0.8173999999999999,0.38297221831354816,0.05416045051511296
BA,4,max,4,0.5,0.2,0.2,1.7,50,15000,0.98,0.13999999999999999,0.019798989873223326,0.77748,0.4129106072747466,0.05839437808556574
BA,4,max,4,0.5,0.2,0.2,1.8,50,15000,0.9116612000000001,0.17200428906636794,0.02432507983839998,0.6777200000000001,0.4649158220581442,0.0657490260916464
BA,4,max,4,0.5,0.2,0.2,1.9,50,15000,0.8656366666666666,0.2378346191612053,0.03363489440196165,0.6975199999999999,0.45663649613231744,0.06457815259048527
BA,4,max,4,0.5,0.2,0.2,2.0,50,15000,0.8152205333333333,0.2267845698801299,0.032072181446142864,0.5980000000000001,0.4882669761513674,0.06905137797321644
BA,4,max,4,0.5,0.2,0.5,1.0,50,15000,1.0,0.0,0.0,0.9964399999999999,0.002050950998927085,0.00029004827184453305
BA,4,max,4,0.5,0.2,0.5,1.1,50,15000,1.0,0.0,0.0,0.9767999999999999,0.1395535739420528,0.019735855694648762
BA,4,max,4,0.5,0.2,0.5,1.2,50,15000,1.0,0.0,0.0,0.9770000000000002,0.1395818039717212,0.019739848023731087
BA,4,max,4,0.5,0.2,0.5,1.3,50,15000,1.0,0.0,0.0,0.9374800000000001,0.23686141433336075,0.03349726245531118
BA,4,max,4,0.5,0.2,0.5,1.4,50,15000,1.0,0.0,0.0,0.89764,0.2992154247360921,0.042315451173300746
BA,4,max,4,0.5,0.2,0.5,1.5,50,15000,1.0,0.0,0.0,0.85764,0.3460369205735134,0.048937010615688406
BA,4,max,4,0.5,0.2,0.5,1.6,50,15000,1.0,0.0,0.0,0.8772,0.32393135075197643,0.045810810951128114
BA,4,max,4,0.5,0.2,0.5,1.7,50,15000,1.0,0.0,0.0,0.8371200000000001,0.3653546572852192,0.05166895114089311
BA,4,max,4,0.5,0.2,0.5,1.8,50,15000,0.9230873333333334,0.2076080235625674,0.029360208257965592,0.7976000000000001,0.3988028084153872,0.05639923403735196
BA,4,max,4,0.5,0.2,0.5,1.9,50,15000,0.9078456,0.16480213913584704,0.023306542027401272,0.7579999999999998,0.42596056155470546,0.0602399203186724
BA,4,max,4,0.5,0.2,0.5,2.0,50,15000,0.8686641333333334,0.2334168119009996,0.03301012210762833,0.7378800000000001,0.4373788124726666,0.061854704849348366
BA,4,max,4,0.5,0.2,0.7,1.0,50,15000,1.0,0.0,0.0,0.9971599999999999,0.0016044936896105278,0.00022690967365892554
BA,4,max,4,0.5,0.2,0.7,1.1,50,15000,1.0,0.0,0.0,0.9602,0.18076913453352594,0.025564616171575898
BA,4,max,4,0.5,0.2,0.7,1.2,50,15000,1.0,0.0,0.0,0.9770399999999999,0.13816120439544524,0.019538944904983993
BA,4,max,4,0.5,0.2,0.7,1.3,50,15000,1.0,0.0,0.0,0.9372400000000001,0.23545594577330173,0.03329849918539873
BA,4,max,4,0.5,0.2,0.7,1.4,50,15000,1.0,0.0,0.0,0.9768800000000002,0.13956341067772743,0.019737246819148815
BA,4,max,4,0.5,0.2,0.7,1.5,50,15000,1.0,0.0,0.0,0.93696,0.2367243933353722,0.03347788475994265
BA,4,max,4,0.5,0.2,0.7,1.6,50,15000,1.0,0.0,0.0,0.93716,0.23677469121508743,0.03348499795430784
BA,4,max,4,0.5,0.2,0.7,1.7,50,15000,1.0,0.0,0.0,0.93696,0.2367250692258849,0.03347798034529562
BA,4,max,4,0.5,0.2,0.7,1.8,50,15000,0.9910048,0.04468342028170077,0.0063191898975598244,0.9570399999999999,0.19536109745801492,0.027628231358521667
BA,4,max,4,0.5,0.2,0.7,1.9,50,15000,0.9784556000000001,0.08569548105404662,0.012119171154071934,0.93696,0.2367254071704176,0.033478028137869764
BA,4,max,4,0.5,0.2,0.7,2.0,50,15000,0.9371573333333335,0.15593457766640462,0.022052479457875012,0.8576,0.34602080862283413,0.04893473204177172
BA,4,max,4,0.5,0.2,1.0,1.0,50,15000,1.0,0.0,0.0,0.9970400000000003,0.0015094369811290578,0.00021346662502602152
BA,4,max,4,0.5,0.2,1.0,1.1,50,15000,1.0,0.0,0.0,0.9964800000000001,0.0019823218709382204,0.00028034264748696394
BA,4,max,4,0.5,0.2,1.0,1.2,50,15000,1.0,0.0,0.0,0.9963200000000001,0.002130164312911097,0.0003012507261402039
BA,4,max,4,0.5,0.2,1.0,1.3,50,15000,1.0,0.0,0.0,0.9964399999999999,0.001971395444856259,0.00027879741749162624
BA,4,max,4,0.5,0.2,1.0,1.4,50,15000,1.0,0.0,0.0,0.9964800000000001,0.0019823218709382204,0.00028034264748696394
BA,4,max,4,0.5,0.2,1.0,1.5,50,15000,1.0,0.0,0.0,0.93892,0.2298713414064485,0.03250871686178955
BA,4,max,4,0.5,0.2,1.0,1.6,50,15000,0.98,0.13999999999999999,0.019798989873223326,0.917,0.2704130913990667,0.038242186129979545
BA,4,max,4,0.5,0.2,1.0,1.7,50,15000,0.98,0.13999999999999999,0.019798989873223326,0.91692,0.27039000277377123,0.038238920905276606
BA,4,max,4,0.5,0.2,1.0,1.8,50,15000,0.9776606666666666,0.06310599566162028,0.00892453549317211,0.87756,0.32381779815198547,0.04579475218843312
BA,4,max,4,0.5,0.2,1.0,1.9,50,15000,0.9417613333333332,0.13394954096060033,0.01894332575001314,0.8377999999999999,0.36543021221568417,0.05167963622162988
BA,4,max,4,0.5,0.2,1.0,2.0,50,15000,0.8876218666666666,0.22387724479689497,0.03166102358984903,0.77904,0.4110840770450736,0.058136067703276936
BA,4,max,4,0.5,0.2,2.0,1.0,50,15000,1.0,0.0,0.0,0.9964,0.0022978250586152132,0.0003249615361854387
BA,4,max,4,0.5,0.2,2.0,1.1,50,15000,1.0,0.0,0.0,0.99668,0.0019436048981210164,0.0002748672406817519
BA,4,max,4,0.5,0.2,2.0,1.2,50,15000,1.0,0.0,0.0,0.9967999999999999,0.0016492422502470657,0.0002332380757938122
BA,4,max,4,0.5,0.2,2.0,1.3,50,15000,1.0,0.0,0.0,0.9966399999999999,0.0019365949499056344,0.0002738758842979793
BA,4,max,4,0.5,0.2,2.0,1.4,50,15000,1.0,0.0,0.0,0.9962000000000001,0.002863564212655273,0.0004049691346263321
BA,4,max,4,0.5,0.2,2.0,1.5,50,15000,1.0,0.0,0.0,0.97688,0.13956398389269345,0.019737327883986727
BA,4,max,4,0.5,0.2,2.0,1.6,50,15000,1.0,0.0,0.0,0.9767999999999999,0.139555293701099,0.019736098905305477
BA,4,max,4,0.5,0.2,2.0,1.7,50,15000,0.98,0.13999999999999999,0.019798989873223326,0.9592,0.18547883976346197,0.026230669072671402
BA,4,max,4,0.5,0.2,2.0,1.8,50,15000,0.9822194666666667,0.06227919302752721,0.008807607943318087,0.91856,0.265849292645288,0.03759676752062602
BA,4,max,4,0.5,0.2,2.0,1.9,50,15000,0.9787257333333333,0.08437081171969367,0.011931834620241766,0.9391200000000001,0.22825955752169502,0.03228077619884627
BA,4,max,4,0.5,0.2,2.0,2.0,50,15000,0.942586,0.1850229230927286,0.02616619271876509,0.89712,0.29851342616371546,0.04221617358311859
BA,4,max,4,0.5,0.3,0.0,1.0,50,15000,1.0,0.0,0.0,0.0,0.0,0.0
BA,4,max,4,0.5,0.3,0.0,1.1,50,15000,1.0,0.0,0.0,0.0,0.0,0.0
BA,4,max,4,0.5,0.3,0.0,1.2,50,15000,1.0,0.0,0.0,0.0,0.0,0.0
BA,4,max,4,0.5,0.3,0.0,1.3,50,15000,1.0,0.0,0.0,0.0,0.0,0.0
BA,4,max,4,0.5,0.3,0.0,1.4,50,15000,1.0,0.0,0.0,0.0,0.0,0.0
BA,4,max,4,0.5,0.3,0.0,1.5,50,15000,1.0,0.0,0.0,0.0,0.0,0.0
BA,4,max,4,0.5,0.3,0.0,1.6,50,15000,1.0,0.0,0.0,0.0,0.0,0.0
BA,4,max,4,0.5,0.3,0.0,1.7,50,15000,1.0,0.0,0.0,0.0,0.0,0.0
BA,4,max,4,0.5,0.3,0.0,1.8,50,15000,0.7789730666666667,0.09264142846682231,0.013101476457539703,0.0,0.0,0.0
BA,4,max,4,0.5,0.3,0.0,1.9,50,15000,0.6175821333333334,0.0315535620934025,0.0044623475453671405,0.0,0.0,0.0
BA,4,max,4,0.5,0.3,0.0,2.0,50,15000,0.5321606666666668,0.019095519393011868,0.0027005142506155836,0.0,0.0,0.0
BA,4,max,4,0.5,0.3,0.1,1.0,50,15000,1.0,0.0,0.0,0.0,0.0,0.0
BA,4,max,4,0.5,0.3,0.1,1.1,50,15000,1.0,0.0,0.0,0.0,0.0,0.0
BA,4,max,4,0.5,0.3,0.1,1.2,50,15000,1.0,0.0,0.0,0.01992,0.13943999999999998,0.019719793913730434
BA,4,max,4,0.5,0.3,0.1,1.3,50,15000,1.0,0.0,0.0,0.03988,0.1953714042535396,0.027629688959523228
BA,4,max,4,0.5,0.3,0.1,1.4,50,15000,0.98,0.13999999999999999,0.019798989873223326,0.03988,0.19537140425353963,0.02762968895952323
BA,4,max,4,0.5,0.3,0.1,1.5,50,15000,0.96,0.19595917942265426,0.027712812921102038,0.03988,0.19537140425353963,0.02762968895952323
BA,4,max,4,0.5,0.3,0.1,1.6,50,15000,0.96,0.19595917942265428,0.02771281292110204,0.03984,0.19517534270496364,0.02760196166941763
BA,4,max,4,0.5,0.3,0.1,1.7,50,15000,0.98,0.13999999999999999,0.019798989873223326,0.01992,0.13943999999999995,0.01971979391373043
BA,4,max,4,0.5,0.3,0.1,1.8,50,15000,0.7613924,0.1776297501309208,0.025120640171609226,0.0,0.0,0.0
BA,4,max,4,0.5,0.3,0.1,1.9,50,15000,0.6135549333333334,0.09413292077869934,0.013312405323102872,0.0,0.0,0.0
BA,4,max,4,0.5,0.3,0.1,2.0,50,15000,0.5140314666666668,0.10812169027362954,0.015290716077167005,0.0,0.0,0.0
BA,4,max,4,0.5,0.3,0.2,1.0,50,15000,1.0,0.0,0.0,0.0,0.0,0.0
BA,4,max,4,0.5,0.3,0.2,1.1,50,15000,1.0,0.0,0.0,0.0,0.0,0.0
BA,4,max,4,0.5,0.3,0.2,1.2,50,15000,1.0,0.0,0.0,0.0,0.0,0.0
BA,4,max,4,0.5,0.3,0.2,1.3,50,15000,1.0,0.0,0.0,0.01996,0.13971999999999998,0.01975939189347688
BA,4,max,4,0.5,0.3,0.2,1.4,50,15000,1.0,0.0,0.0,0.01996,0.13972,0.019759391893476884
BA,4,max,4,0.5,0.3,0.2,1.5,50,15000,1.0,0.0,0.0,0.01988,0.13916,0.019680195933983992
BA,4,max,4,0.5,0.3,0.2,1.6,50,15000,1.0,0.0,0.0,0.01996,0.13972,0.019759391893476884
BA,4,max,4,0.5,0.3,0.2,1.7,50,15000,0.96,0.19595917942265426,0.027712812921102038,0.0,0.0,0.0
BA,4,max,4,0.5,0.3,0.2,1.8,50,15000,0.7303892000000001,0.20051395135452413,0.028356954945058705,0.0,0.0,0.0
BA,4,max,4,0.5,0.3,0.2,1.9,50,15000,0.5781373333333335,0.15049857852115708,0.021283713086249254,0.0,0.0,0.0
BA,4,max,4,0.5,0.3,0.2,2.0,50,15000,0.4825952000000002,0.16214336862057196,0.0229305350952073,0.0,0.0,0.0
BA,4,max,4,0.5,0.3,0.5,1.0,50,15000,1.0,0.0,0.0,0.07984,0.27075061292636066,0.038289918882128744
BA,4,max,4,0.5,0.3,0.5,1.1,50,15000,1.0,0.0,0.0,0.07984,0.27075061292636066,0.038289918882128744
BA,4,max,4,0.5,0.3,0.5,1.2,50,15000,1.0,0.0,0.0,0.05984,0.23685365608324477,0.033496165273057744
BA,4,max,4,0.5,0.3,0.5,1.3,50,15000,1.0,0.0,0.0,0.0998,0.2994,0.042341554057450465
BA,4,max,4,0.5,0.3,0.5,1.4,50,15000,0.98,0.13999999999999999,0.019798989873223326,0.07980000000000001,0.27061507718528915,0.038270751233807784
BA,4,max,4,0.5,0.3,0.5,1.5,50,15000,1.0,0.0,0.0,0.03992,0.19556726106380892,0.02765738729525983
BA,4,max,4,0.5,0.3,0.5,1.6,50,15000,1.0,0.0,0.0,0.03988,0.1953714042535396,0.027629688959523228
BA,4,max,4,0.5,0.3,0.5,1.7,50,15000,0.98,0.13999999999999999,0.019798989873223326,0.05976,0.2365368943737953,0.03345136840250335
BA,4,max,4,0.5,0.3,0.5,1.8,50,15000,0.7627472000000001,0.17709497009653705,0.02504501085385804,0.0,0.0,0.0
BA,4,max,4,0.5,0.3,0.5,1.9,50,15000,0.6156498666666669,0.09412523937100446,0.01331131900800885,0.0,0.0,0.0
BA,4,max,4,0.5,0.3,0.5,2.0,50,15000,0.5416634666666669,0.019484311192569635,0.002755497714202987,0.0,0.0,0.0
BA,4,max,4,0.5,0.3,0.7,1.0,50,15000,1.0,0.0,0.0,0.10108,0.29893924733965593,0.04227639379133466
BA,4,max,4,0.5,0.3,0.7,1.1,50,15000,1.0,0.0,0.0,0.11972000000000001,0.3242033954171362,0.04584928387663213
BA,4,max,4,0.5,0.3,0.7,1.2,50,15000,1.0,0.0,0.0,0.06148,0.23675871599584247,0.03348273871713602
BA,4,max,4,0.5,0.3,0.7,1.3,50,15000,1.0,0.0,0.0,0.061399999999999996,0.2364423819876631,0.03343800233267531
BA,4,max,4,0.5,0.3,0.7,1.4,50,15000,1.0,0.0,0.0,0.04096,0.1951045832367861,0.02759195476946133
BA,4,max,4,0.5,0.3,0.7,1.5,50,15000,0.98,0.13999999999999999,0.019798989873223326,0.059879999999999996,0.23701186805727684,0.03351853982499834
BA,4,max,4,0.5,0.3,0.7,1.6,50,15000,0.98,0.13999999999999999,0.019798989873223326,0.03992,0.19556726106380892,0.02765738729525983
BA,4,max,4,0.5,0.3,0.7,1.7,50,15000,0.98,0.13999999999999999,0.019798989873223326,0.01984,0.13888,0.019640597954237542
BA,4,max,4,0.5,0.3,0.7,1.8,50,15000,0.7541412000000001,0.13108600752306782,0.018538360967646408,0.0,0.0,0.0
BA,4,max,4,0.5,0.3,0.7,1.9,50,15000,0.5908133333333335,0.12532354039755572,0.017723425051483575,0.0,0.0,0.0
BA,4,max,4,0.5,0.3,0.7,2.0,50,15000,0.5271337333333336,0.07827892094197524,0.011070311164407267,0.0,0.0,0.0
BA,4,max,4,0.5,0.3,1.0,1.0,50,15000,1.0,0.0,0.0,0.11419999999999998,0.2965705986776167,0.041941416285099384
BA,4,max,4,0.5,0.3,1.0,1.1,50,15000,1.0,0.0,0.0,0.1268,0.32243721869536085,0.0455995087692839
BA,4,max,4,0.5,0.3,1.0,1.2,50,15000,1.0,0.0,0.0,0.12500000000000003,0.3225942962917975,0.04562172289600646
BA,4,max,4,0.5,0.3,1.0,1.3,50,15000,1.0,0.0,0.0,0.14224000000000003,0.3452919089697875,0.04883165006427696
BA,4,max,4,0.5,0.3,1.0,1.4,50,15000,1.0,0.0,0.0,0.14356000000000002,0.34502342876969966,0.04879368123025767
BA,4,max,4,0.5,0.3,1.0,1.5,50,15000,0.98,0.13999999999999999,0.019798989873223326,0.14288,0.3448608206218851,0.048770684965458506
BA,4,max,4,0.5,0.3,1.0,1.6,50,15000,0.96,0.19595917942265428,0.02771281292110204,0.16248,0.36460445636333083,0.051562856709069176
BA,4,max,4,0.5,0.3,1.0,1.7,50,15000,1.0,0.0,0.0,0.16079999999999997,0.36492519781456584,0.05160821640010435
BA,4,max,4,0.5,0.3,1.0,1.8,50,15000,0.8186315999999999,0.0994434130621029,0.014063422344109571,0.11975999999999999,0.3243116131130675,0.045864588169959614
BA,4,max,4,0.5,0.3,1.0,1.9,50,15000,0.6839910666666665,0.13260535467391787,0.018753229102314913,0.13968,0.3461940172793285,0.0489592274448852
BA,4,max,4,0.5,0.3,1.0,2.0,50,15000,0.5866390666666669,0.17195212584907976,0.024317702845465385,0.11963999999999998,0.3239868367696441,0.045818657858998885
BA,4,max,4,0.5,0.3,2.0,1.0,50,15000,1.0,0.0,0.0,0.56404,0.4708245516113194,0.06658464663869591
BA,4,max,4,0.5,0.3,2.0,1.1,50,15000,1.0,0.0,0.0,0.59868,0.46976991985439004,0.06643549918530002
BA,4,max,4,0.5,0.3,2.0,1.2,50,15000,1.0,0.0,0.0,0.5716399999999999,0.48068995246416374,0.06797982500712987
BA,4,max,4,0.5,0.3,2.0,1.3,50,15000,1.0,0.0,0.0,0.5492,0.48663366098123545,0.0688203923266934
BA,4,max,4,0.5,0.3,2.0,1.4,50,15000,1.0,0.0,0.0,0.5299200000000001,0.48758210959796294,0.0689545232163924
BA,4,max,4,0.5,0.3,2.0,1.5,50,15000,0.98,0.13999999999999999,0.019798989873223326,0.4508,0.48528721392593893,0.06862997595803164
BA,4,max,4,0.5,0.3,2.0,1.6,50,15000,0.96,0.19595917942265428,0.02771281292110204,0.4707999999999999,0.4875748968107362,0.06895350317424054
BA,4,max,4,0.5,0.3,2.0,1.7,50,15000,1.0,0.0,0.0,0.34656,0.467388667385079,0.06609873923154662
BA,4,max,4,0.5,0.3,2.0,1.8,50,15000,0.8517230666666665,0.12835280930802498,0.018151828369209654,0.31904,0.46507758320521103,0.0657719025724511
BA,4,max,4,0.5,0.3,2.0,1.9,50,15000,0.7192112,0.16084944224095607,0.022747546271730788,0.23927999999999996,0.4258034776748541,0.06021770530334081
BA,4,max,4,0.5,0.3,2.0,2.0,50,15000,0.6184640000000002,0.18022172859502195,0.025487201281340306,0.17927999999999997,0.38265154069989055,0.05411509985207456
BA,4,max,4,0.5,0.4,0.0,1.0,50,15000,1.0,0.0,0.0,0.0,0.0,0.0
BA,4,max,4,0.5,0.4,0.0,1.1,50,15000,1.0,0.0,0.0,0.0,0.0,0.0
BA,4,max,4,0.5,0.4,0.0,1.2,50,15000,1.0,0.0,0.0,0.0,0.0,0.0
BA,4,max,4,0.5,0.4,0.0,1.3,50,15000,1.0,0.0,0.0,0.0,0.0,0.0
BA,4,max,4,0.5,0.4,0.0,1.4,50,15000,0.98,0.13999999999999999,0.019798989873223326,0.0,0.0,0.0
BA,4,max,4,0.5,0.4,0.0,1.5,50,15000,0.96,0.19595917942265426,0.027712812921102038,0.0,0.0,0.0
BA,4,max,4,0.5,0.4,0.0,1.6,50,15000,0.96,0.19595917942265428,0.02771281292110204,0.0,0.0,0.0
BA,4,max,4,0.5,0.4,0.0,1.7,50,15000,0.98,0.13999999999999999,0.019798989873223326,0.0,0.0,0.0
BA,4,max,4,0.5,0.4,0.0,1.8,50,15000,0.7585792000000001,0.17492174521394804,0.024737670443553635,0.0,0.0,0.0
BA,4,max,4,0.5,0.4,0.0,1.9,50,15000,0.6245022666666667,0.036052562679386654,0.0050986023099494696,0.0,0.0,0.0
BA,4,max,4,0.5,0.4,0.0,2.0,50,15000,0.5140314666666668,0.10812169027362954,0.015290716077167005,0.0,0.0,0.0
BA,4,max,4,0.5,0.4,0.1,1.0,50,15000,1.0,0.0,0.0,0.0,0.0,0.0
BA,4,max,4,0.5,0.4,0.1,1.1,50,15000,1.0,0.0,0.0,0.0,0.0,0.0
BA,4,max,4,0.5,0.4,0.1,1.2,50,15000,1.0,0.0,0.0,0.0,0.0,0.0
BA,4,max,4,0.5,0.4,0.1,1.3,50,15000,1.0,0.0,0.0,0.0,0.0,0.0
BA,4,max,4,0.5,0.4,0.1,1.4,50,15000,1.0,0.0,0.0,0.0,0.0,0.0
BA,4,max,4,0.5,0.4,0.1,1.5,50,15000,1.0,0.0,0.0,0.0,0.0,0.0
BA,4,max,4,0.5,0.4,0.1,1.6,50,15000,1.0,0.0,0.0,0.0,0.0,0.0
BA,4,max,4,0.5,0.4,0.1,1.7,50,15000,0.96,0.19595917942265426,0.027712812921102038,0.0,0.0,0.0
BA,4,max,4,0.5,0.4,0.1,1.8,50,15000,0.7303892000000001,0.20051395135452413,0.028356954945058705,0.0,0.0,0.0
BA,4,max,4,0.5,0.4,0.1,1.9,50,15000,0.5781373333333335,0.15049857852115708,0.021283713086249254,0.0,0.0,0.0
BA,4,max,4,0.5,0.4,0.1,2.0,50,15000,0.4825952000000002,0.16214336862057196,0.0229305350952073,0.0,0.0,0.0
BA,4,max,4,0.5,0.4,0.2,1.0,50,15000,1.0,0.0,0.0,0.0,0.0,0.0
BA,4,max,4,0.5,0.4,0.2,1.1,50,15000,1.0,0.0,0.0,0.0,0.0,0.0
BA,4,max,4,0.5,0.4,0.2,1.2,50,15000,1.0,0.0,0.0,0.0,0.0,0.0
BA,4,max,4,0.5,0.4,0.2,1.3,50,15000,1.0,0.0,0.0,0.0,0.0,0.0
BA,4,max,4,0.5,0.4,0.2,1.4,50,15000,1.0,0.0,0.0,0.0,0.0,0.0
BA,4,max,4,0.5,0.4,0.2,1.5,50,15000,1.0,0.0,0.0,0.0,0.0,0.0
BA,4,max,4,0.5,0.4,0.2,1.6,50,15000,1.0,0.0,0.0,0.0,0.0,0.0
BA,4,max,4,0.5,0.4,0.2,1.7,50,15000,1.0,0.0,0.0,0.0,0.0,0.0
BA,4,max,4,0.5,0.4,0.2,1.8,50,15000,0.7904480000000003,0.08433856814319568,0.01192727468992348,0.0,0.0,0.0
BA,4,max,4,0.5,0.4,0.2,1.9,50,15000,0.6171661333333334,0.09509340459746815,0.01344823824739715,0.0,0.0,0.0
BA,4,max,4,0.5,0.4,0.2,2.0,50,15000,0.5357701333333335,0.022812178550161506,0.0032261292292915006,0.0,0.0,0.0
BA,4,max,4,0.5,0.4,0.5,1.0,50,15000,1.0,0.0,0.0,0.0,0.0,0.0
BA,4,max,4,0.5,0.4,0.5,1.1,50,15000,1.0,0.0,0.0,0.0,0.0,0.0
BA,4,max,4,0.5,0.4,0.5,1.2,50,15000,1.0,0.0,0.0,0.0,0.0,0.0
BA,4,max,4,0.5,0.4,0.5,1.3,50,15000,1.0,0.0,0.0,0.0,0.0,0.0
BA,4,max,4,0.5,0.4,0.5,1.4,50,15000,1.0,0.0,0.0,0.0,0.0,0.0
BA,4,max,4,0.5,0.4,0.5,1.5,50,15000,1.0,0.0,0.0,0.0,0.0,0.0
BA,4,max,4,0.5,0.4,0.5,1.6,50,15000,1.0,0.0,0.0,0.0,0.0,0.0
BA,4,max,4,0.5,0.4,0.5,1.7,50,15000,1.0,0.0,0.0,0.0,0.0,0.0
BA,4,max,4,0.5,0.4,0.5,1.8,50,15000,0.8073978666666668,0.08443649720025626,0.011941123949988025,0.0,0.0,0.0
BA,4,max,4,0.5,0.4,0.5,1.9,50,15000,0.6216696,0.031413954780496925,0.0044426040898353876,0.0,0.0,0.0
BA,4,max,4,0.5,0.4,0.5,2.0,50,15000,0.5395053333333335,0.02456134690479694,0.003473498990291427,0.0,0.0,0.0
BA,4,max,4,0.5,0.4,0.7,1.0,50,15000,1.0,0.0,0.0,0.0,0.0,0.0
BA,4,max,4,0.5,0.4,0.7,1.1,50,15000,1.0,0.0,0.0,0.0,0.0,0.0
BA,4,max,4,0.5,0.4,0.7,1.2,50,15000,1.0,0.0,0.0,0.0,0.0,0.0
BA,4,max,4,0.5,0.4,0.7,1.3,50,15000,1.0,0.0,0.0,0.0,0.0,0.0
BA,4,max,4,0.5,0.4,0.7,1.4,50,15000,0.98,0.13999999999999999,0.019798989873223326,0.0,0.0,0.0
BA,4,max,4,0.5,0.4,0.7,1.5,50,15000,1.0,0.0,0.0,0.0,0.0,0.0
BA,4,max,4,0.5,0.4,0.7,1.6,50,15000,0.98,0.13999999999999999,0.019798989873223326,0.0,0.0,0.0
BA,4,max,4,0.5,0.4,0.7,1.7,50,15000,1.0,0.0,0.0,0.0,0.0,0.0
BA,4,max,4,0.5,0.4,0.7,1.8,50,15000,0.7875590666666664,0.0912547624962118,0.012905372275327839,0.0,0.0,0.0
BA,4,max,4,0.5,0.4,0.7,1.9,50,15000,0.6230489333333334,0.03065293317442139,0.00433497938217829,0.0,0.0,0.0
BA,4,max,4,0.5,0.4,0.7,2.0,50,15000,0.5255388000000002,0.07813782252962467,0.011050356835569718,0.0,0.0,0.0
BA,4,max,4,0.5,0.4,1.0,1.0,50,15000,1.0,0.0,0.0,0.0,0.0,0.0
BA,4,max,4,0.5,0.4,1.0,1.1,50,15000,1.0,0.0,0.0,0.0,0.0,0.0
BA,4,max,4,0.5,0.4,1.0,1.2,50,15000,1.0,0.0,0.0,0.0,0.0,0.0
BA,4,max,4,0.5,0.4,1.0,1.3,50,15000,1.0,0.0,0.0,0.0,0.0,0.0
BA,4,max,4,0.5,0.4,1.0,1.4,50,15000,1.0,0.0,0.0,0.0,0.0,0.0
BA,4,max,4,0.5,0.4,1.0,1.5,50,15000,1.0,0.0,0.0,0.0,0.0,0.0
BA,4,max,4,0.5,0.4,1.0,1.6,50,15000,1.0,0.0,0.0,0.0,0.0,0.0
BA,4,max,4,0.5,0.4,1.0,1.7,50,15000,1.0,0.0,0.0,0.0,0.0,0.0
BA,4,max,4,0.5,0.4,1.0,1.8,50,15000,0.7635097333333336,0.1748685980333551,0.024730154297193992,0.0,0.0,0.0
BA,4,max,4,0.5,0.4,1.0,1.9,50,15000,0.5967300000000002,0.12600673319046624,0.017820043102828535,0.0,0.0,0.0
BA,4,max,4,0.5,0.4,1.0,2.0,50,15000,0.5035688000000003,0.12917738249530292,0.018268440627671422,0.0,0.0,0.0
BA,4,max,4,0.5,0.4,2.0,1.0,50,15000,1.0,0.0,0.0,0.0034000000000000002,0.005976621118993574,0.0008452218643646176
BA,4,max,4,0.5,0.4,2.0,1.1,50,15000,1.0,0.0,0.0,0.0027600000000000003,0.005120781190404448,0.0007241878209415012
BA,4,max,4,0.5,0.4,2.0,1.2,50,15000,1.0,0.0,0.0,0.0015600000000000002,0.0035165892566519624,0.0004973208220052725
BA,4,max,4,0.5,0.4,2.0,1.3,50,15000,1.0,0.0,0.0,0.0017200000000000002,0.00398015075091384,0.000562878317223181
BA,4,max,4,0.5,0.4,2.0,1.4,50,15000,1.0,0.0,0.0,0.0012,0.00332264954516723,0.0004698936049788292
BA,4,max,4,0.5,0.4,2.0,1.5,50,15000,1.0,0.0,0.0,0.0008,0.003072458299147443,0.0004345112196480086
BA,4,max,4,0.5,0.4,2.0,1.6,50,15000,1.0,0.0,0.0,0.00016,0.00112,0.00015839191898578663
BA,4,max,4,0.5,0.4,2.0,1.7,50,15000,1.0,0.0,0.0,0.0002,0.0011489125293076058,0.0001624807680927192
BA,4,max,4,0.5,0.4,2.0,1.8,50,15000,0.7082588000000001,0.21559393062036278,0.030489586064864113,0.0,0.0,0.0
BA,4,max,4,0.5,0.4,2.0,1.9,50,15000,0.5977242666666668,0.1262646549699655,0.01785651875068846,0.0,0.0,0.0
BA,4,max,4,0.5,0.4,2.0,2.0,50,15000,0.5207069333333336,0.10747516162421494,0.015199283118720517,0.0,0.0,0.0
BA,4,max,4,0.5,0.5,0.0,1.0,50,15000,1.0,0.0,0.0,0.0,0.0,0.0
BA,4,max,4,0.5,0.5,0.0,1.1,50,15000,1.0,0.0,0.0,0.0,0.0,0.0
BA,4,max,4,0.5,0.5,0.0,1.2,50,15000,1.0,0.0,0.0,0.0,0.0,0.0
BA,4,max,4,0.5,0.5,0.0,1.3,50,15000,1.0,0.0,0.0,0.0,0.0,0.0
BA,4,max,4,0.5,0.5,0.0,1.4,50,15000,1.0,0.0,0.0,0.0,0.0,0.0
BA,4,max,4,0.5,0.5,0.0,1.5,50,15000,1.0,0.0,0.0,0.0,0.0,0.0
BA,4,max,4,0.5,0.5,0.0,1.6,50,15000,1.0,0.0,0.0,0.0,0.0,0.0
BA,4,max,4,0.5,0.5,0.0,1.7,50,15000,0.96,0.19595917942265426,0.027712812921102038,0.0,0.0,0.0
BA,4,max,4,0.5,0.5,0.0,1.8,50,15000,0.7303892000000001,0.20051395135452413,0.028356954945058705,0.0,0.0,0.0
BA,4,max,4,0.5,0.5,0.0,1.9,50,15000,0.5781373333333335,0.15049857852115708,0.021283713086249254,0.0,0.0,0.0
BA,4,max,4,0.5,0.5,0.0,2.0,50,15000,0.4825952000000002,0.16214336862057196,0.0229305350952073,0.0,0.0,0.0
BA,4,max,4,0.5,0.5,0.1,1.0,50,15000,1.0,0.0,0.0,0.0,0.0,0.0
BA,4,max,4,0.5,0.5,0.1,1.1,50,15000,1.0,0.0,0.0,0.0,0.0,0.0
BA,4,max,4,0.5,0.5,0.1,1.2,50,15000,1.0,0.0,0.0,0.0,0.0,0.0
BA,4,max,4,0.5,0.5,0.1,1.3,50,15000,1.0,0.0,0.0,0.0,0.0,0.0
BA,4,max,4,0.5,0.5,0.1,1.4,50,15000,1.0,0.0,0.0,0.0,0.0,0.0
BA,4,max,4,0.5,0.5,0.1,1.5,50,15000,1.0,0.0,0.0,0.0,0.0,0.0
BA,4,max,4,0.5,0.5,0.1,1.6,50,15000,1.0,0.0,0.0,0.0,0.0,0.0
BA,4,max,4,0.5,0.5,0.1,1.7,50,15000,1.0,0.0,0.0,0.0,0.0,0.0
BA,4,max,4,0.5,0.5,0.1,1.8,50,15000,0.7904480000000003,0.08433856814319568,0.01192727468992348,0.0,0.0,0.0
BA,4,max,4,0.5,0.5,0.1,1.9,50,15000,0.6171661333333334,0.09509340459746815,0.01344823824739715,0.0,0.0,0.0
BA,4,max,4,0.5,0.5,0.1,2.0,50,15000,0.5357701333333335,0.022812178550161506,0.0032261292292915006,0.0,0.0,0.0
BA,4,max,4,0.5,0.5,0.2,1.0,50,15000,1.0,0.0,0.0,0.0,0.0,0.0
BA,4,max,4,0.5,0.5,0.2,1.1,50,15000,1.0,0.0,0.0,0.0,0.0,0.0
BA,4,max,4,0.5,0.5,0.2,1.2,50,15000,1.0,0.0,0.0,0.0,0.0,0.0
BA,4,max,4,0.5,0.5,0.2,1.3,50,15000,1.0,0.0,0.0,0.0,0.0,0.0
BA,4,max,4,0.5,0.5,0.2,1.4,50,15000,1.0,0.0,0.0,0.0,0.0,0.0
BA,4,max,4,0.5,0.5,0.2,1.5,50,15000,1.0,0.0,0.0,0.0,0.0,0.0
BA,4,max,4,0.5,0.5,0.2,1.6,50,15000,0.98,0.13999999999999999,0.019798989873223326,0.0,0.0,0.0
BA,4,max,4,0.5,0.5,0.2,1.7,50,15000,0.96,0.19595917942265428,0.02771281292110204,0.0,0.0,0.0
BA,4,max,4,0.5,0.5,0.2,1.8,50,15000,0.7390709333333332,0.1679211721930395,0.023747639912498432,0.0,0.0,0.0
BA,4,max,4,0.5,0.5,0.2,1.9,50,15000,0.6060184000000001,0.09206158640639546,0.013019474406950702,0.0,0.0,0.0
BA,4,max,4,0.5,0.5,0.2,2.0,50,15000,0.5230256000000001,0.07749558566765813,0.010959530827524816,0.0,0.0,0.0
BA,4,max,4,0.5,0.5,0.5,1.0,50,15000,1.0,0.0,0.0,0.0,0.0,0.0
BA,4,max,4,0.5,0.5,0.5,1.1,50,15000,1.0,0.0,0.0,0.0,0.0,0.0
BA,4,max,4,0.5,0.5,0.5,1.2,50,15000,1.0,0.0,0.0,0.0,0.0,0.0
BA,4,max,4,0.5,0.5,0.5,1.3,50,15000,1.0,0.0,0.0,0.0,0.0,0.0
BA,4,max,4,0.5,0.5,0.5,1.4,50,15000,1.0,0.0,0.0,0.0,0.0,0.0
BA,4,max,4,0.5,0.5,0.5,1.5,50,15000,0.98,0.13999999999999999,0.019798989873223326,0.0,0.0,0.0
BA,4,max,4,0.5,0.5,0.5,1.6,50,15000,0.98,0.13999999999999999,0.019798989873223326,0.0,0.0,0.0
BA,4,max,4,0.5,0.5,0.5,1.7,50,15000,0.98,0.13999999999999999,0.019798989873223326,0.0,0.0,0.0
BA,4,max,4,0.5,0.5,0.5,1.8,50,15000,0.7347777333333334,0.16410766185165698,0.02320832810799511,0.0,0.0,0.0
BA,4,max,4,0.5,0.5,0.5,1.9,50,15000,0.5908133333333335,0.12532354039755572,0.017723425051483575,0.0,0.0,0.0
BA,4,max,4,0.5,0.5,0.5,2.0,50,15000,0.5271337333333336,0.07827892094197524,0.011070311164407267,0.0,0.0,0.0
BA,4,max,4,0.5,0.5,0.7,1.0,50,15000,1.0,0.0,0.0,0.0,0.0,0.0
BA,4,max,4,0.5,0.5,0.7,1.1,50,15000,1.0,0.0,0.0,0.0,0.0,0.0
BA,4,max,4,0.5,0.5,0.7,1.2,50,15000,1.0,0.0,0.0,0.0,0.0,0.0
BA,4,max,4,0.5,0.5,0.7,1.3,50,15000,1.0,0.0,0.0,0.0,0.0,0.0
BA,4,max,4,0.5,0.5,0.7,1.4,50,15000,1.0,0.0,0.0,0.0,0.0,0.0
BA,4,max,4,0.5,0.5,0.7,1.5,50,15000,1.0,0.0,0.0,0.0,0.0,0.0
BA,4,max,4,0.5,0.5,0.7,1.6,50,15000,0.98,0.13999999999999999,0.019798989873223326,0.0,0.0,0.0
BA,4,max,4,0.5,0.5,0.7,1.7,50,15000,0.98,0.13999999999999999,0.019798989873223326,0.0,0.0,0.0
BA,4,max,4,0.5,0.5,0.7,1.8,50,15000,0.7901141333333335,0.06916949370788003,0.00978204361041644,0.0,0.0,0.0
BA,4,max,4,0.5,0.5,0.7,1.9,50,15000,0.6250861333333334,0.03476954572521426,0.004917156312214948,0.0,0.0,0.0
BA,4,max,4,0.5,0.5,0.7,2.0,50,15000,0.5265370666666668,0.07810349845810724,0.011045502678824138,0.0,0.0,0.0
BA,4,max,4,0.5,0.5,1.0,1.0,50,15000,1.0,0.0,0.0,0.0,0.0,0.0
BA,4,max,4,0.5,0.5,1.0,1.1,50,15000,1.0,0.0,0.0,0.0,0.0,0.0
BA,4,max,4,0.5,0.5,1.0,1.2,50,15000,1.0,0.0,0.0,0.0,0.0,0.0
BA,4,max,4,0.5,0.5,1.0,1.3,50,15000,1.0,0.0,0.0,0.0,0.0,0.0
BA,4,max,4,0.5,0.5,1.0,1.4,50,15000,1.0,0.0,0.0,0.0,0.0,0.0
BA,4,max,4,0.5,0.5,1.0,1.5,50,15000,1.0,0.0,0.0,0.0,0.0,0.0
BA,4,max,4,0.5,0.5,1.0,1.6,50,15000,1.0,0.0,0.0,0.0,0.0,0.0
BA,4,max,4,0.5,0.5,1.0,1.7,50,15000,0.98,0.13999999999999999,0.019798989873223326,0.0,0.0,0.0
BA,4,max,4,0.5,0.5,1.0,1.8,50,15000,0.7758665333333334,0.13667863682531628,0.019329278188502903,0.0,0.0,0.0
BA,4,max,4,0.5,0.5,1.0,1.9,50,15000,0.6168694666666666,0.09286479431555918,0.013133065158805168,0.0,0.0,0.0
BA,4,max,4,0.5,0.5,1.0,2.0,50,15000,0.5340596000000002,0.07934434824832273,0.011220985339043194,0.0,0.0,0.0
BA,4,max,4,0.5,0.5,2.0,1.0,50,15000,1.0,0.0,0.0,0.0,0.0,0.0
BA,4,max,4,0.5,0.5,2.0,1.1,50,15000,1.0,0.0,0.0,0.0,0.0,0.0
BA,4,max,4,0.5,0.5,2.0,1.2,50,15000,1.0,0.0,0.0,0.0,0.0,0.0
BA,4,max,4,0.5,0.5,2.0,1.3,50,15000,1.0,0.0,0.0,0.0,0.0,0.0
BA,4,max,4,0.5,0.5,2.0,1.4,50,15000,0.98,0.13999999999999999,0.019798989873223326,0.0,0.0,0.0
BA,4,max,4,0.5,0.5,2.0,1.5,50,15000,0.98,0.13999999999999999,0.019798989873223326,0.0,0.0,0.0
BA,4,max,4,0.5,0.5,2.0,1.6,50,15000,0.96,0.19595917942265428,0.02771281292110204,0.0,0.0,0.0
BA,4,max,4,0.5,0.5,2.0,1.7,50,15000,0.98,0.13999999999999999,0.019798989873223326,0.0,0.0,0.0
BA,4,max,4,0.5,0.5,2.0,1.8,50,15000,0.7827422666666665,0.14577271129237085,0.020615374533356847,0.0,0.0,0.0
BA,4,max,4,0.5,0.5,2.0,1.9,50,15000,0.6155637333333335,0.09547566991214738,0.013502298726641567,0.0,0.0,0.0
BA,4,max,4,0.5,0.5,2.0,2.0,50,15000,0.5194612000000002,0.1093592180228078,0.0154657289298371,0.0,0.0,0.0
BA,4,max,4,0.5,0.6,0.0,1.0,50,15000,1.0,0.0,0.0,0.0,0.0,0.0
BA,4,max,4,0.5,0.6,0.0,1.1,50,15000,1.0,0.0,0.0,0.0,0.0,0.0
BA,4,max,4,0.5,0.6,0.0,1.2,50,15000,1.0,0.0,0.0,0.0,0.0,0.0
BA,4,max,4,0.5,0.6,0.0,1.3,50,15000,1.0,0.0,0.0,0.0,0.0,0.0
BA,4,max,4,0.5,0.6,0.0,1.4,50,15000,1.0,0.0,0.0,0.0,0.0,0.0
BA,4,max,4,0.5,0.6,0.0,1.5,50,15000,1.0,0.0,0.0,0.0,0.0,0.0
BA,4,max,4,0.5,0.6,0.0,1.6,50,15000,1.0,0.0,0.0,0.0,0.0,0.0
BA,4,max,4,0.5,0.6,0.0,1.7,50,15000,1.0,0.0,0.0,0.0,0.0,0.0
BA,4,max,4,0.5,0.6,0.0,1.8,50,15000,0.7904480000000003,0.08433856814319568,0.01192727468992348,0.0,0.0,0.0
BA,4,max,4,0.5,0.6,0.0,1.9,50,15000,0.6171661333333334,0.09509340459746815,0.01344823824739715,0.0,0.0,0.0
BA,4,max,4,0.5,0.6,0.0,2.0,50,15000,0.5357701333333335,0.022812178550161506,0.0032261292292915006,0.0,0.0,0.0
BA,4,max,4,0.5,0.6,0.1,1.0,50,15000,1.0,0.0,0.0,0.0,0.0,0.0
BA,4,max,4,0.5,0.6,0.1,1.1,50,15000,1.0,0.0,0.0,0.0,0.0,0.0
BA,4,max,4,0.5,0.6,0.1,1.2,50,15000,1.0,0.0,0.0,0.0,0.0,0.0
BA,4,max,4,0.5,0.6,0.1,1.3,50,15000,1.0,0.0,0.0,0.0,0.0,0.0
BA,4,max,4,0.5,0.6,0.1,1.4,50,15000,1.0,0.0,0.0,0.0,0.0,0.0
BA,4,max,4,0.5,0.6,0.1,1.5,50,15000,1.0,0.0,0.0,0.0,0.0,0.0
BA,4,max,4,0.5,0.6,0.1,1.6,50,15000,0.98,0.13999999999999999,0.019798989873223326,0.0,0.0,0.0
BA,4,max,4,0.5,0.6,0.1,1.7,50,15000,0.96,0.19595917942265428,0.02771281292110204,0.0,0.0,0.0
BA,4,max,4,0.5,0.6,0.1,1.8,50,15000,0.7390709333333332,0.1679211721930395,0.023747639912498432,0.0,0.0,0.0
BA,4,max,4,0.5,0.6,0.1,1.9,50,15000,0.6060184000000001,0.09206158640639546,0.013019474406950702,0.0,0.0,0.0
BA,4,max,4,0.5,0.6,0.1,2.0,50,15000,0.5230256000000001,0.07749558566765813,0.010959530827524816,0.0,0.0,0.0
BA,4,max,4,0.5,0.6,0.2,1.0,50,15000,1.0,0.0,0.0,0.0,0.0,0.0
BA,4,max,4,0.5,0.6,0.2,1.1,50,15000,1.0,0.0,0.0,0.0,0.0,0.0
BA,4,max,4,0.5,0.6,0.2,1.2,50,15000,1.0,0.0,0.0,0.0,0.0,0.0
BA,4,max,4,0.5,0.6,0.2,1.3,50,15000,1.0,0.0,0.0,0.0,0.0,0.0
BA,4,max,4,0.5,0.6,0.2,1.4,50,15000,0.98,0.13999999999999999,0.019798989873223326,0.0,0.0,0.0
BA,4,max,4,0.5,0.6,0.2,1.5,50,15000,1.0,0.0,0.0,0.0,0.0,0.0
BA,4,max,4,0.5,0.6,0.2,1.6,50,15000,1.0,0.0,0.0,0.0,0.0,0.0
BA,4,max,4,0.5,0.6,0.2,1.7,50,15000,0.98,0.13999999999999999,0.019798989873223326,0.0,0.0,0.0
BA,4,max,4,0.5,0.6,0.2,1.8,50,15000,0.7627472000000001,0.17709497009653705,0.02504501085385804,0.0,0.0,0.0
BA,4,max,4,0.5,0.6,0.2,1.9,50,15000,0.6156498666666669,0.09412523937100446,0.01331131900800885,0.0,0.0,0.0
BA,4,max,4,0.5,0.6,0.2,2.0,50,15000,0.5416634666666669,0.019484311192569635,0.002755497714202987,0.0,0.0,0.0
BA,4,max,4,0.5,0.6,0.5,1.0,50,15000,1.0,0.0,0.0,0.0,0.0,0.0
BA,4,max,4,0.5,0.6,0.5,1.1,50,15000,1.0,0.0,0.0,0.0,0.0,0.0
BA,4,max,4,0.5,0.6,0.5,1.2,50,15000,1.0,0.0,0.0,0.0,0.0,0.0
BA,4,max,4,0.5,0.6,0.5,1.3,50,15000,1.0,0.0,0.0,0.0,0.0,0.0
BA,4,max,4,0.5,0.6,0.5,1.4,50,15000,0.98,0.13999999999999999,0.019798989873223326,0.0,0.0,0.0
BA,4,max,4,0.5,0.6,0.5,1.5,50,15000,1.0,0.0,0.0,0.0,0.0,0.0
BA,4,max,4,0.5,0.6,0.5,1.6,50,15000,0.98,0.13999999999999999,0.019798989873223326,0.0,0.0,0.0
BA,4,max,4,0.5,0.6,0.5,1.7,50,15000,1.0,0.0,0.0,0.0,0.0,0.0
BA,4,max,4,0.5,0.6,0.5,1.8,50,15000,0.7875590666666664,0.0912547624962118,0.012905372275327839,0.0,0.0,0.0
BA,4,max,4,0.5,0.6,0.5,1.9,50,15000,0.6230489333333334,0.03065293317442139,0.00433497938217829,0.0,0.0,0.0
BA,4,max,4,0.5,0.6,0.5,2.0,50,15000,0.5255388000000002,0.07813782252962467,0.011050356835569718,0.0,0.0,0.0
BA,4,max,4,0.5,0.6,0.7,1.0,50,15000,1.0,0.0,0.0,0.0,0.0,0.0
BA,4,max,4,0.5,0.6,0.7,1.1,50,15000,1.0,0.0,0.0,0.0,0.0,0.0
BA,4,max,4,0.5,0.6,0.7,1.2,50,15000,1.0,0.0,0.0,0.0,0.0,0.0
BA,4,max,4,0.5,0.6,0.7,1.3,50,15000,1.0,0.0,0.0,0.0,0.0,0.0
BA,4,max,4,0.5,0.6,0.7,1.4,50,15000,0.98,0.13999999999999999,0.019798989873223326,0.0,0.0,0.0
BA,4,max,4,0.5,0.6,0.7,1.5,50,15000,0.98,0.13999999999999999,0.019798989873223326,0.0,0.0,0.0
BA,4,max,4,0.5,0.6,0.7,1.6,50,15000,0.96,0.19595917942265428,0.02771281292110204,0.0,0.0,0.0
BA,4,max,4,0.5,0.6,0.7,1.7,50,15000,1.0,0.0,0.0,0.0,0.0,0.0
BA,4,max,4,0.5,0.6,0.7,1.8,50,15000,0.7972117333333334,0.08017726997996384,0.011338778259971408,0.0,0.0,0.0
BA,4,max,4,0.5,0.6,0.7,1.9,50,15000,0.6331530666666666,0.03964796031654348,0.005607068320008606,0.0,0.0,0.0
BA,4,max,4,0.5,0.6,0.7,2.0,50,15000,0.5322561333333335,0.0796544218103288,0.011264836362715424,0.0,0.0,0.0
BA,4,max,4,0.5,0.6,1.0,1.0,50,15000,1.0,0.0,0.0,0.0,0.0,0.0
BA,4,max,4,0.5,0.6,1.0,1.1,50,15000,1.0,0.0,0.0,0.0,0.0,0.0
BA,4,max,4,0.5,0.6,1.0,1.2,50,15000,1.0,0.0,0.0,0.0,0.0,0.0
BA,4,max,4,0.5,0.6,1.0,1.3,50,15000,1.0,0.0,0.0,0.0,0.0,0.0
BA,4,max,4,0.5,0.6,1.0,1.4,50,15000,1.0,0.0,0.0,0.0,0.0,0.0
BA,4,max,4,0.5,0.6,1.0,1.5,50,15000,1.0,0.0,0.0,0.0,0.0,0.0
BA,4,max,4,0.5,0.6,1.0,1.6,50,15000,1.0,0.0,0.0,0.0,0.0,0.0
BA,4,max,4,0.5,0.6,1.0,1.7,50,15000,1.0,0.0,0.0,0.0,0.0,0.0
BA,4,max,4,0.5,0.6,1.0,1.8,50,15000,0.7993144000000002,0.08456434145651072,0.011959203858094682,0.0,0.0,0.0
BA,4,max,4,0.5,0.6,1.0,1.9,50,15000,0.6274324,0.02713532117239229,0.0038375139221346966,0.0,0.0,0.0
BA,4,max,4,0.5,0.6,1.0,2.0,50,15000,0.5310452000000002,0.07982095178351781,0.011288387257377977,0.0,0.0,0.0
BA,4,max,4,0.5,0.6,2.0,1.0,50,15000,1.0,0.0,0.0,0.0,0.0,0.0
BA,4,max,4,0.5,0.6,2.0,1.1,50,15000,1.0,0.0,0.0,0.0,0.0,0.0
BA,4,max,4,0.5,0.6,2.0,1.2,50,15000,1.0,0.0,0.0,0.0,0.0,0.0
BA,4,max,4,0.5,0.6,2.0,1.3,50,15000,1.0,0.0,0.0,0.0,0.0,0.0
BA,4,max,4,0.5,0.6,2.0,1.4,50,15000,1.0,0.0,0.0,0.0,0.0,0.0
BA,4,max,4,0.5,0.6,2.0,1.5,50,15000,0.98,0.13999999999999999,0.019798989873223326,0.0,0.0,0.0
BA,4,max,4,0.5,0.6,2.0,1.6,50,15000,0.98,0.13999999999999999,0.019798989873223326,0.0,0.0,0.0
BA,4,max,4,0.5,0.6,2.0,1.7,50,15000,0.98,0.13999999999999999,0.019798989873223326,0.0,0.0,0.0
BA,4,max,4,0.5,0.6,2.0,1.8,50,15000,0.7973785333333333,0.10372601468861256,0.014669073674354674,0.0,0.0,0.0
BA,4,max,4,0.5,0.6,2.0,1.9,50,15000,0.6068889333333335,0.09307435891429315,0.013162702068577455,0.0,0.0,0.0
BA,4,max,4,0.5,0.6,2.0,2.0,50,15000,0.5096406666666667,0.10688636118170868,0.015116014161588151,0.0,0.0,0.0
BA,4,max,4,0.5,0.7,0.0,1.0,50,15000,1.0,0.0,0.0,0.0,0.0,0.0
BA,4,max,4,0.5,0.7,0.0,1.1,50,15000,1.0,0.0,0.0,0.0,0.0,0.0
BA,4,max,4,0.5,0.7,0.0,1.2,50,15000,1.0,0.0,0.0,0.0,0.0,0.0
BA,4,max,4,0.5,0.7,0.0,1.3,50,15000,1.0,0.0,0.0,0.0,0.0,0.0
BA,4,max,4,0.5,0.7,0.0,1.4,50,15000,1.0,0.0,0.0,0.0,0.0,0.0
BA,4,max,4,0.5,0.7,0.0,1.5,50,15000,1.0,0.0,0.0,0.0,0.0,0.0
BA,4,max,4,0.5,0.7,0.0,1.6,50,15000,0.98,0.13999999999999999,0.019798989873223326,0.0,0.0,0.0
BA,4,max,4,0.5,0.7,0.0,1.7,50,15000,0.96,0.19595917942265428,0.02771281292110204,0.0,0.0,0.0
BA,4,max,4,0.5,0.7,0.0,1.8,50,15000,0.7390709333333332,0.1679211721930395,0.023747639912498432,0.0,0.0,0.0
BA,4,max,4,0.5,0.7,0.0,1.9,50,15000,0.6060184000000001,0.09206158640639546,0.013019474406950702,0.0,0.0,0.0
BA,4,max,4,0.5,0.7,0.0,2.0,50,15000,0.5230256000000001,0.07749558566765813,0.010959530827524816,0.0,0.0,0.0
BA,4,max,4,0.5,0.7,0.1,1.0,50,15000,1.0,0.0,0.0,0.0,0.0,0.0
BA,4,max,4,0.5,0.7,0.1,1.1,50,15000,1.0,0.0,0.0,0.0,0.0,0.0
BA,4,max,4,0.5,0.7,0.1,1.2,50,15000,1.0,0.0,0.0,0.0,0.0,0.0
BA,4,max,4,0.5,0.7,0.1,1.3,50,15000,1.0,0.0,0.0,0.0,0.0,0.0
BA,4,max,4,0.5,0.7,0.1,1.4,50,15000,0.98,0.13999999999999999,0.019798989873223326,0.0,0.0,0.0
BA,4,max,4,0.5,0.7,0.1,1.5,50,15000,1.0,0.0,0.0,0.0,0.0,0.0
BA,4,max,4,0.5,0.7,0.1,1.6,50,15000,1.0,0.0,0.0,0.0,0.0,0.0
BA,4,max,4,0.5,0.7,0.1,1.7,50,15000,0.98,0.13999999999999999,0.019798989873223326,0.0,0.0,0.0
BA,4,max,4,0.5,0.7,0.1,1.8,50,15000,0.7627472000000001,0.17709497009653705,0.02504501085385804,0.0,0.0,0.0
BA,4,max,4,0.5,0.7,0.1,1.9,50,15000,0.6156498666666669,0.09412523937100446,0.01331131900800885,0.0,0.0,0.0
BA,4,max,4,0.5,0.7,0.1,2.0,50,15000,0.5416634666666669,0.019484311192569635,0.002755497714202987,0.0,0.0,0.0
BA,4,max,4,0.5,0.7,0.2,1.0,50,15000,1.0,0.0,0.0,0.0,0.0,0.0
BA,4,max,4,0.5,0.7,0.2,1.1,50,15000,1.0,0.0,0.0,0.0,0.0,0.0
BA,4,max,4,0.5,0.7,0.2,1.2,50,15000,1.0,0.0,0.0,0.0,0.0,0.0
BA,4,max,4,0.5,0.7,0.2,1.3,50,15000,1.0,0.0,0.0,0.0,0.0,0.0
BA,4,max,4,0.5,0.7,0.2,1.4,50,15000,1.0,0.0,0.0,0.0,0.0,0.0
BA,4,max,4,0.5,0.7,0.2,1.5,50,15000,1.0,0.0,0.0,0.0,0.0,0.0
BA,4,max,4,0.5,0.7,0.2,1.6,50,15000,1.0,0.0,0.0,0.0,0.0,0.0
BA,4,max,4,0.5,0.7,0.2,1.7,50,15000,1.0,0.0,0.0,0.0,0.0,0.0
BA,4,max,4,0.5,0.7,0.2,1.8,50,15000,0.8073978666666668,0.08443649720025626,0.011941123949988025,0.0,0.0,0.0
BA,4,max,4,0.5,0.7,0.2,1.9,50,15000,0.6216696,0.031413954780496925,0.0044426040898353876,0.0,0.0,0.0
BA,4,max,4,0.5,0.7,0.2,2.0,50,15000,0.5395053333333335,0.02456134690479694,0.003473498990291427,0.0,0.0,0.0
BA,4,max,4,0.5,0.7,0.5,1.0,50,15000,1.0,0.0,0.0,0.0,0.0,0.0
BA,4,max,4,0.5,0.7,0.5,1.1,50,15000,1.0,0.0,0.0,0.0,0.0,0.0
BA,4,max,4,0.5,0.7,0.5,1.2,50,15000,1.0,0.0,0.0,0.0,0.0,0.0
BA,4,max,4,0.5,0.7,0.5,1.3,50,15000,1.0,0.0,0.0,0.0,0.0,0.0
BA,4,max,4,0.5,0.7,0.5,1.4,50,15000,1.0,0.0,0.0,0.0,0.0,0.0
BA,4,max,4,0.5,0.7,0.5,1.5,50,15000,1.0,0.0,0.0,0.0,0.0,0.0
BA,4,max,4,0.5,0.7,0.5,1.6,50,15000,0.98,0.13999999999999999,0.019798989873223326,0.0,0.0,0.0
BA,4,max,4,0.5,0.7,0.5,1.7,50,15000,0.98,0.13999999999999999,0.019798989873223326,0.0,0.0,0.0
BA,4,max,4,0.5,0.7,0.5,1.8,50,15000,0.7901141333333335,0.06916949370788003,0.00978204361041644,0.0,0.0,0.0
BA,4,max,4,0.5,0.7,0.5,1.9,50,15000,0.6250861333333334,0.03476954572521426,0.004917156312214948,0.0,0.0,0.0
BA,4,max,4,0.5,0.7,0.5,2.0,50,15000,0.5265370666666668,0.07810349845810724,0.011045502678824138,0.0,0.0,0.0
BA,4,max,4,0.5,0.7,0.7,1.0,50,15000,1.0,0.0,0.0,0.0,0.0,0.0
BA,4,max,4,0.5,0.7,0.7,1.1,50,15000,1.0,0.0,0.0,0.0,0.0,0.0
BA,4,max,4,0.5,0.7,0.7,1.2,50,15000,1.0,0.0,0.0,0.0,0.0,0.0
BA,4,max,4,0.5,0.7,0.7,1.3,50,15000,1.0,0.0,0.0,0.0,0.0,0.0
BA,4,max,4,0.5,0.7,0.7,1.4,50,15000,1.0,0.0,0.0,0.0,0.0,0.0
BA,4,max,4,0.5,0.7,0.7,1.5,50,15000,1.0,0.0,0.0,0.0,0.0,0.0
BA,4,max,4,0.5,0.7,0.7,1.6,50,15000,1.0,0.0,0.0,0.0,0.0,0.0
BA,4,max,4,0.5,0.7,0.7,1.7,50,15000,1.0,0.0,0.0,0.0,0.0,0.0
BA,4,max,4,0.5,0.7,0.7,1.8,50,15000,0.7635097333333336,0.1748685980333551,0.024730154297193992,0.0,0.0,0.0
BA,4,max,4,0.5,0.7,0.7,1.9,50,15000,0.5967300000000002,0.12600673319046624,0.017820043102828535,0.0,0.0,0.0
BA,4,max,4,0.5,0.7,0.7,2.0,50,15000,0.5035688000000003,0.12917738249530292,0.018268440627671422,0.0,0.0,0.0
BA,4,max,4,0.5,0.7,1.0,1.0,50,15000,1.0,0.0,0.0,0.0,0.0,0.0
BA,4,max,4,0.5,0.7,1.0,1.1,50,15000,1.0,0.0,0.0,0.0,0.0,0.0
BA,4,max,4,0.5,0.7,1.0,1.2,50,15000,1.0,0.0,0.0,0.0,0.0,0.0
BA,4,max,4,0.5,0.7,1.0,1.3,50,15000,1.0,0.0,0.0,0.0,0.0,0.0
BA,4,max,4,0.5,0.7,1.0,1.4,50,15000,1.0,0.0,0.0,0.0,0.0,0.0
BA,4,max,4,0.5,0.7,1.0,1.5,50,15000,1.0,0.0,0.0,0.0,0.0,0.0
BA,4,max,4,0.5,0.7,1.0,1.6,50,15000,0.98,0.13999999999999999,0.019798989873223326,0.0,0.0,0.0
BA,4,max,4,0.5,0.7,1.0,1.7,50,15000,0.98,0.13999999999999999,0.019798989873223326,0.0,0.0,0.0
BA,4,max,4,0.5,0.7,1.0,1.8,50,15000,0.7485298666666665,0.1716807651077494,0.024279326641396884,0.0,0.0,0.0
BA,4,max,4,0.5,0.7,1.0,1.9,50,15000,0.6122846666666666,0.09652211566728561,0.013650288504561991,0.0,0.0,0.0
BA,4,max,4,0.5,0.7,1.0,2.0,50,15000,0.5238214666666668,0.07673888854828867,0.010852517694642723,0.0,0.0,0.0
BA,4,max,4,0.5,0.7,2.0,1.0,50,15000,1.0,0.0,0.0,0.0,0.0,0.0
BA,4,max,4,0.5,0.7,2.0,1.1,50,15000,1.0,0.0,0.0,0.0,0.0,0.0
BA,4,max,4,0.5,0.7,2.0,1.2,50,15000,1.0,0.0,0.0,0.0,0.0,0.0
BA,4,max,4,0.5,0.7,2.0,1.3,50,15000,1.0,0.0,0.0,0.0,0.0,0.0
BA,4,max,4,0.5,0.7,2.0,1.4,50,15000,1.0,0.0,0.0,0.0,0.0,0.0
BA,4,max,4,0.5,0.7,2.0,1.5,50,15000,0.98,0.13999999999999999,0.019798989873223326,0.0,0.0,0.0
BA,4,max,4,0.5,0.7,2.0,1.6,50,15000,0.98,0.13999999999999999,0.019798989873223326,0.0,0.0,0.0
BA,4,max,4,0.5,0.7,2.0,1.7,50,15000,0.94,0.23748684174075838,0.033585711247493336,0.0,0.0,0.0
BA,4,max,4,0.5,0.7,2.0,1.8,50,15000,0.7855484000000001,0.1897552641521178,0.026835446809561417,0.0,0.0,0.0
BA,4,max,4,0.5,0.7,2.0,1.9,50,15000,0.6176537333333334,0.09440570968994517,0.013350983500897758,0.0,0.0,0.0
BA,4,max,4,0.5,0.7,2.0,2.0,50,15000,0.5196658666666669,0.10743259249420854,0.01519326293462117,0.0,0.0,0.0
BA,4,max,4,0.5,0.8,0.0,1.0,50,15000,1.0,0.0,0.0,0.0,0.0,0.0
BA,4,max,4,0.5,0.8,0.0,1.1,50,15000,1.0,0.0,0.0,0.0,0.0,0.0
BA,4,max,4,0.5,0.8,0.0,1.2,50,15000,1.0,0.0,0.0,0.0,0.0,0.0
BA,4,max,4,0.5,0.8,0.0,1.3,50,15000,1.0,0.0,0.0,0.0,0.0,0.0
BA,4,max,4,0.5,0.8,0.0,1.4,50,15000,0.98,0.13999999999999999,0.019798989873223326,0.0,0.0,0.0
BA,4,max,4,0.5,0.8,0.0,1.5,50,15000,1.0,0.0,0.0,0.0,0.0,0.0
BA,4,max,4,0.5,0.8,0.0,1.6,50,15000,1.0,0.0,0.0,0.0,0.0,0.0
BA,4,max,4,0.5,0.8,0.0,1.7,50,15000,0.98,0.13999999999999999,0.019798989873223326,0.0,0.0,0.0
BA,4,max,4,0.5,0.8,0.0,1.8,50,15000,0.7627472000000001,0.17709497009653705,0.02504501085385804,0.0,0.0,0.0
BA,4,max,4,0.5,0.8,0.0,1.9,50,15000,0.6156498666666669,0.09412523937100446,0.01331131900800885,0.0,0.0,0.0
BA,4,max,4,0.5,0.8,0.0,2.0,50,15000,0.5416634666666669,0.019484311192569635,0.002755497714202987,0.0,0.0,0.0
BA,4,max,4,0.5,0.8,0.1,1.0,50,15000,1.0,0.0,0.0,0.0,0.0,0.0
BA,4,max,4,0.5,0.8,0.1,1.1,50,15000,1.0,0.0,0.0,0.0,0.0,0.0
BA,4,max,4,0.5,0.8,0.1,1.2,50,15000,1.0,0.0,0.0,0.0,0.0,0.0
BA,4,max,4,0.5,0.8,0.1,1.3,50,15000,1.0,0.0,0.0,0.0,0.0,0.0
BA,4,max,4,0.5,0.8,0.1,1.4,50,15000,1.0,0.0,0.0,0.0,0.0,0.0
BA,4,max,4,0.5,0.8,0.1,1.5,50,15000,1.0,0.0,0.0,0.0,0.0,0.0
BA,4,max,4,0.5,0.8,0.1,1.6,50,15000,1.0,0.0,0.0,0.0,0.0,0.0
BA,4,max,4,0.5,0.8,0.1,1.7,50,15000,1.0,0.0,0.0,0.0,0.0,0.0
BA,4,max,4,0.5,0.8,0.1,1.8,50,15000,0.8073978666666668,0.08443649720025626,0.011941123949988025,0.0,0.0,0.0
BA,4,max,4,0.5,0.8,0.1,1.9,50,15000,0.6216696,0.031413954780496925,0.0044426040898353876,0.0,0.0,0.0
BA,4,max,4,0.5,0.8,0.1,2.0,50,15000,0.5395053333333335,0.02456134690479694,0.003473498990291427,0.0,0.0,0.0
BA,4,max,4,0.5,0.8,0.2,1.0,50,15000,1.0,0.0,0.0,0.0,0.0,0.0
BA,4,max,4,0.5,0.8,0.2,1.1,50,15000,1.0,0.0,0.0,0.0,0.0,0.0
BA,4,max,4,0.5,0.8,0.2,1.2,50,15000,1.0,0.0,0.0,0.0,0.0,0.0
BA,4,max,4,0.5,0.8,0.2,1.3,50,15000,1.0,0.0,0.0,0.0,0.0,0.0
BA,4,max,4,0.5,0.8,0.2,1.4,50,15000,1.0,0.0,0.0,0.0,0.0,0.0
BA,4,max,4,0.5,0.8,0.2,1.5,50,15000,1.0,0.0,0.0,0.0,0.0,0.0
BA,4,max,4,0.5,0.8,0.2,1.6,50,15000,0.98,0.13999999999999999,0.019798989873223326,0.0,0.0,0.0
BA,4,max,4,0.5,0.8,0.2,1.7,50,15000,0.98,0.13999999999999999,0.019798989873223326,0.0,0.0,0.0
BA,4,max,4,0.5,0.8,0.2,1.8,50,15000,0.7347777333333334,0.16410766185165698,0.02320832810799511,0.0,0.0,0.0
BA,4,max,4,0.5,0.8,0.2,1.9,50,15000,0.5908133333333335,0.12532354039755572,0.017723425051483575,0.0,0.0,0.0
BA,4,max,4,0.5,0.8,0.2,2.0,50,15000,0.5271337333333336,0.07827892094197524,0.011070311164407267,0.0,0.0,0.0
BA,4,max,4,0.5,0.8,0.5,1.0,50,15000,1.0,0.0,0.0,0.0,0.0,0.0
BA,4,max,4,0.5,0.8,0.5,1.1,50,15000,1.0,0.0,0.0,0.0,0.0,0.0
BA,4,max,4,0.5,0.8,0.5,1.2,50,15000,1.0,0.0,0.0,0.0,0.0,0.0
BA,4,max,4,0.5,0.8,0.5,1.3,50,15000,1.0,0.0,0.0,0.0,0.0,0.0
BA,4,max,4,0.5,0.8,0.5,1.4,50,15000,0.98,0.13999999999999999,0.019798989873223326,0.0,0.0,0.0
BA,4,max,4,0.5,0.8,0.5,1.5,50,15000,0.98,0.13999999999999999,0.019798989873223326,0.0,0.0,0.0
BA,4,max,4,0.5,0.8,0.5,1.6,50,15000,0.96,0.19595917942265428,0.02771281292110204,0.0,0.0,0.0
BA,4,max,4,0.5,0.8,0.5,1.7,50,15000,1.0,0.0,0.0,0.0,0.0,0.0
BA,4,max,4,0.5,0.8,0.5,1.8,50,15000,0.7972117333333334,0.08017726997996384,0.011338778259971408,0.0,0.0,0.0
BA,4,max,4,0.5,0.8,0.5,1.9,50,15000,0.6331530666666666,0.03964796031654348,0.005607068320008606,0.0,0.0,0.0
BA,4,max,4,0.5,0.8,0.5,2.0,50,15000,0.5322561333333335,0.0796544218103288,0.011264836362715424,0.0,0.0,0.0
BA,4,max,4,0.5,0.8,0.7,1.0,50,15000,1.0,0.0,0.0,0.0,0.0,0.0
BA,4,max,4,0.5,0.8,0.7,1.1,50,15000,1.0,0.0,0.0,0.0,0.0,0.0
BA,4,max,4,0.5,0.8,0.7,1.2,50,15000,1.0,0.0,0.0,0.0,0.0,0.0
BA,4,max,4,0.5,0.8,0.7,1.3,50,15000,1.0,0.0,0.0,0.0,0.0,0.0
BA,4,max,4,0.5,0.8,0.7,1.4,50,15000,1.0,0.0,0.0,0.0,0.0,0.0
BA,4,max,4,0.5,0.8,0.7,1.5,50,15000,1.0,0.0,0.0,0.0,0.0,0.0
BA,4,max,4,0.5,0.8,0.7,1.6,50,15000,1.0,0.0,0.0,0.0,0.0,0.0
BA,4,max,4,0.5,0.8,0.7,1.7,50,15000,0.98,0.13999999999999999,0.019798989873223326,0.0,0.0,0.0
BA,4,max,4,0.5,0.8,0.7,1.8,50,15000,0.7758665333333334,0.13667863682531628,0.019329278188502903,0.0,0.0,0.0
BA,4,max,4,0.5,0.8,0.7,1.9,50,15000,0.6168694666666666,0.09286479431555918,0.013133065158805168,0.0,0.0,0.0
BA,4,max,4,0.5,0.8,0.7,2.0,50,15000,0.5340596000000002,0.07934434824832273,0.011220985339043194,0.0,0.0,0.0
BA,4,max,4,0.5,0.8,1.0,1.0,50,15000,1.0,0.0,0.0,0.0,0.0,0.0
BA,4,max,4,0.5,0.8,1.0,1.1,50,15000,1.0,0.0,0.0,0.0,0.0,0.0
BA,4,max,4,0.5,0.8,1.0,1.2,50,15000,1.0,0.0,0.0,0.0,0.0,0.0
BA,4,max,4,0.5,0.8,1.0,1.3,50,15000,1.0,0.0,0.0,0.0,0.0,0.0
BA,4,max,4,0.5,0.8,1.0,1.4,50,15000,1.0,0.0,0.0,0.0,0.0,0.0
BA,4,max,4,0.5,0.8,1.0,1.5,50,15000,1.0,0.0,0.0,0.0,0.0,0.0
BA,4,max,4,0.5,0.8,1.0,1.6,50,15000,1.0,0.0,0.0,0.0,0.0,0.0
BA,4,max,4,0.5,0.8,1.0,1.7,50,15000,1.0,0.0,0.0,0.0,0.0,0.0
BA,4,max,4,0.5,0.8,1.0,1.8,50,15000,0.8102264000000002,0.07372270059513561,0.010425964303641183,0.0,0.0,0.0
BA,4,max,4,0.5,0.8,1.0,1.9,50,15000,0.6227052,0.09346236308009519,0.013217574143930905,0.0,0.0,0.0
BA,4,max,4,0.5,0.8,1.0,2.0,50,15000,0.5197534666666669,0.10786426108969865,0.015254310092840435,0.0,0.0,0.0
BA,4,max,4,0.5,0.8,2.0,1.0,50,15000,1.0,0.0,0.0,0.0,0.0,0.0
BA,4,max,4,0.5,0.8,2.0,1.1,50,15000,1.0,0.0,0.0,0.0,0.0,0.0
BA,4,max,4,0.5,0.8,2.0,1.2,50,15000,1.0,0.0,0.0,0.0,0.0,0.0
BA,4,max,4,0.5,0.8,2.0,1.3,50,15000,1.0,0.0,0.0,0.0,0.0,0.0
BA,4,max,4,0.5,0.8,2.0,1.4,50,15000,1.0,0.0,0.0,0.0,0.0,0.0
BA,4,max,4,0.5,0.8,2.0,1.5,50,15000,0.98,0.13999999999999999,0.019798989873223326,0.0,0.0,0.0
BA,4,max,4,0.5,0.8,2.0,1.6,50,15000,0.96,0.19595917942265428,0.02771281292110204,0.0,0.0,0.0
BA,4,max,4,0.5,0.8,2.0,1.7,50,15000,0.96,0.19595917942265426,0.027712812921102038,0.0,0.0,0.0
BA,4,max,4,0.5,0.8,2.0,1.8,50,15000,0.7531846666666668,0.17406849243137984,0.02461700227782958,0.0,0.0,0.0
BA,4,max,4,0.5,0.8,2.0,1.9,50,15000,0.6151261333333333,0.09403021368654739,0.013297880346835553,0.0,0.0,0.0
BA,4,max,4,0.5,0.8,2.0,2.0,50,15000,0.519747866666667,0.10850076642998124,0.01534432554131549,0.0,0.0,0.0
BA,4,max,4,0.5,0.9,0.0,1.0,50,15000,1.0,0.0,0.0,0.0,0.0,0.0
BA,4,max,4,0.5,0.9,0.0,1.1,50,15000,1.0,0.0,0.0,0.0,0.0,0.0
BA,4,max,4,0.5,0.9,0.0,1.2,50,15000,1.0,0.0,0.0,0.0,0.0,0.0
BA,4,max,4,0.5,0.9,0.0,1.3,50,15000,1.0,0.0,0.0,0.0,0.0,0.0
BA,4,max,4,0.5,0.9,0.0,1.4,50,15000,1.0,0.0,0.0,0.0,0.0,0.0
BA,4,max,4,0.5,0.9,0.0,1.5,50,15000,1.0,0.0,0.0,0.0,0.0,0.0
BA,4,max,4,0.5,0.9,0.0,1.6,50,15000,1.0,0.0,0.0,0.0,0.0,0.0
BA,4,max,4,0.5,0.9,0.0,1.7,50,15000,1.0,0.0,0.0,0.0,0.0,0.0
BA,4,max,4,0.5,0.9,0.0,1.8,50,15000,0.8073978666666668,0.08443649720025626,0.011941123949988025,0.0,0.0,0.0
BA,4,max,4,0.5,0.9,0.0,1.9,50,15000,0.6216696,0.031413954780496925,0.0044426040898353876,0.0,0.0,0.0
BA,4,max,4,0.5,0.9,0.0,2.0,50,15000,0.5395053333333335,0.02456134690479694,0.003473498990291427,0.0,0.0,0.0
BA,4,max,4,0.5,0.9,0.1,1.0,50,15000,1.0,0.0,0.0,0.0,0.0,0.0
BA,4,max,4,0.5,0.9,0.1,1.1,50,15000,1.0,0.0,0.0,0.0,0.0,0.0
BA,4,max,4,0.5,0.9,0.1,1.2,50,15000,1.0,0.0,0.0,0.0,0.0,0.0
BA,4,max,4,0.5,0.9,0.1,1.3,50,15000,1.0,0.0,0.0,0.0,0.0,0.0
BA,4,max,4,0.5,0.9,0.1,1.4,50,15000,1.0,0.0,0.0,0.0,0.0,0.0
BA,4,max,4,0.5,0.9,0.1,1.5,50,15000,1.0,0.0,0.0,0.0,0.0,0.0
BA,4,max,4,0.5,0.9,0.1,1.6,50,15000,0.98,0.13999999999999999,0.019798989873223326,0.0,0.0,0.0
BA,4,max,4,0.5,0.9,0.1,1.7,50,15000,0.98,0.13999999999999999,0.019798989873223326,0.0,0.0,0.0
BA,4,max,4,0.5,0.9,0.1,1.8,50,15000,0.7347777333333334,0.16410766185165698,0.02320832810799511,0.0,0.0,0.0
BA,4,max,4,0.5,0.9,0.1,1.9,50,15000,0.5908133333333335,0.12532354039755572,0.017723425051483575,0.0,0.0,0.0
BA,4,max,4,0.5,0.9,0.1,2.0,50,15000,0.5271337333333336,0.07827892094197524,0.011070311164407267,0.0,0.0,0.0
BA,4,max,4,0.5,0.9,0.2,1.0,50,15000,1.0,0.0,0.0,0.0,0.0,0.0
BA,4,max,4,0.5,0.9,0.2,1.1,50,15000,1.0,0.0,0.0,0.0,0.0,0.0
BA,4,max,4,0.5,0.9,0.2,1.2,50,15000,1.0,0.0,0.0,0.0,0.0,0.0
BA,4,max,4,0.5,0.9,0.2,1.3,50,15000,1.0,0.0,0.0,0.0,0.0,0.0
BA,4,max,4,0.5,0.9,0.2,1.4,50,15000,0.98,0.13999999999999999,0.019798989873223326,0.0,0.0,0.0
BA,4,max,4,0.5,0.9,0.2,1.5,50,15000,1.0,0.0,0.0,0.0,0.0,0.0
BA,4,max,4,0.5,0.9,0.2,1.6,50,15000,0.98,0.13999999999999999,0.019798989873223326,0.0,0.0,0.0
BA,4,max,4,0.5,0.9,0.2,1.7,50,15000,1.0,0.0,0.0,0.0,0.0,0.0
BA,4,max,4,0.5,0.9,0.2,1.8,50,15000,0.7875590666666664,0.0912547624962118,0.012905372275327839,0.0,0.0,0.0
BA,4,max,4,0.5,0.9,0.2,1.9,50,15000,0.6230489333333334,0.03065293317442139,0.00433497938217829,0.0,0.0,0.0
BA,4,max,4,0.5,0.9,0.2,2.0,50,15000,0.5255388000000002,0.07813782252962467,0.011050356835569718,0.0,0.0,0.0
BA,4,max,4,0.5,0.9,0.5,1.0,50,15000,1.0,0.0,0.0,0.0,0.0,0.0
BA,4,max,4,0.5,0.9,0.5,1.1,50,15000,1.0,0.0,0.0,0.0,0.0,0.0
BA,4,max,4,0.5,0.9,0.5,1.2,50,15000,1.0,0.0,0.0,0.0,0.0,0.0
BA,4,max,4,0.5,0.9,0.5,1.3,50,15000,1.0,0.0,0.0,0.0,0.0,0.0
BA,4,max,4,0.5,0.9,0.5,1.4,50,15000,1.0,0.0,0.0,0.0,0.0,0.0
BA,4,max,4,0.5,0.9,0.5,1.5,50,15000,1.0,0.0,0.0,0.0,0.0,0.0
BA,4,max,4,0.5,0.9,0.5,1.6,50,15000,1.0,0.0,0.0,0.0,0.0,0.0
BA,4,max,4,0.5,0.9,0.5,1.7,50,15000,1.0,0.0,0.0,0.0,0.0,0.0
BA,4,max,4,0.5,0.9,0.5,1.8,50,15000,0.7635097333333336,0.1748685980333551,0.024730154297193992,0.0,0.0,0.0
BA,4,max,4,0.5,0.9,0.5,1.9,50,15000,0.5967300000000002,0.12600673319046624,0.017820043102828535,0.0,0.0,0.0
BA,4,max,4,0.5,0.9,0.5,2.0,50,15000,0.5035688000000003,0.12917738249530292,0.018268440627671422,0.0,0.0,0.0
BA,4,max,4,0.5,0.9,0.7,1.0,50,15000,1.0,0.0,0.0,0.0,0.0,0.0
BA,4,max,4,0.5,0.9,0.7,1.1,50,15000,1.0,0.0,0.0,0.0,0.0,0.0
BA,4,max,4,0.5,0.9,0.7,1.2,50,15000,1.0,0.0,0.0,0.0,0.0,0.0
BA,4,max,4,0.5,0.9,0.7,1.3,50,15000,1.0,0.0,0.0,0.0,0.0,0.0
BA,4,max,4,0.5,0.9,0.7,1.4,50,15000,1.0,0.0,0.0,0.0,0.0,0.0
BA,4,max,4,0.5,0.9,0.7,1.5,50,15000,1.0,0.0,0.0,0.0,0.0,0.0
BA,4,max,4,0.5,0.9,0.7,1.6,50,15000,1.0,0.0,0.0,0.0,0.0,0.0
BA,4,max,4,0.5,0.9,0.7,1.7,50,15000,1.0,0.0,0.0,0.0,0.0,0.0
BA,4,max,4,0.5,0.9,0.7,1.8,50,15000,0.7993144000000002,0.08456434145651072,0.011959203858094682,0.0,0.0,0.0
BA,4,max,4,0.5,0.9,0.7,1.9,50,15000,0.6274324,0.02713532117239229,0.0038375139221346966,0.0,0.0,0.0
BA,4,max,4,0.5,0.9,0.7,2.0,50,15000,0.5310452000000002,0.07982095178351781,0.011288387257377977,0.0,0.0,0.0
BA,4,max,4,0.5,0.9,1.0,1.0,50,15000,1.0,0.0,0.0,0.0,0.0,0.0
BA,4,max,4,0.5,0.9,1.0,1.1,50,15000,1.0,0.0,0.0,0.0,0.0,0.0
BA,4,max,4,0.5,0.9,1.0,1.2,50,15000,1.0,0.0,0.0,0.0,0.0,0.0
BA,4,max,4,0.5,0.9,1.0,1.3,50,15000,1.0,0.0,0.0,0.0,0.0,0.0
BA,4,max,4,0.5,0.9,1.0,1.4,50,15000,1.0,0.0,0.0,0.0,0.0,0.0
BA,4,max,4,0.5,0.9,1.0,1.5,50,15000,1.0,0.0,0.0,0.0,0.0,0.0
BA,4,max,4,0.5,0.9,1.0,1.6,50,15000,1.0,0.0,0.0,0.0,0.0,0.0
BA,4,max,4,0.5,0.9,1.0,1.7,50,15000,1.0,0.0,0.0,0.0,0.0,0.0
BA,4,max,4,0.5,0.9,1.0,1.8,50,15000,0.7762580000000002,0.0610146635672296,0.008628776472040767,0.0,0.0,0.0
BA,4,max,4,0.5,0.9,1.0,1.9,50,15000,0.6199394666666668,0.09569238355239022,0.013532946663559834,0.0,0.0,0.0
BA,4,max,4,0.5,0.9,1.0,2.0,50,15000,0.5152468000000002,0.10736260047761312,0.01518336456870846,0.0,0.0,0.0
BA,4,max,4,0.5,0.9,2.0,1.0,50,15000,1.0,0.0,0.0,0.0,0.0,0.0
BA,4,max,4,0.5,0.9,2.0,1.1,50,15000,1.0,0.0,0.0,0.0,0.0,0.0
BA,4,max,4,0.5,0.9,2.0,1.2,50,15000,1.0,0.0,0.0,0.0,0.0,0.0
BA,4,max,4,0.5,0.9,2.0,1.3,50,15000,1.0,0.0,0.0,0.0,0.0,0.0
BA,4,max,4,0.5,0.9,2.0,1.4,50,15000,1.0,0.0,0.0,0.0,0.0,0.0
BA,4,max,4,0.5,0.9,2.0,1.5,50,15000,1.0,0.0,0.0,0.0,0.0,0.0
BA,4,max,4,0.5,0.9,2.0,1.6,50,15000,1.0,0.0,0.0,0.0,0.0,0.0
BA,4,max,4,0.5,0.9,2.0,1.7,50,15000,1.0,0.0,0.0,0.0,0.0,0.0
BA,4,max,4,0.5,0.9,2.0,1.8,50,15000,0.7957,0.08656147274368417,0.012241640873310715,0.0,0.0,0.0
BA,4,max,4,0.5,0.9,2.0,1.9,50,15000,0.6232690666666667,0.03756646340696256,0.005312700204051904,0.0,0.0,0.0
BA,4,max,4,0.5,0.9,2.0,2.0,50,15000,0.5372062666666668,0.02553406889836922,0.003611062653864278,0.0,0.0,0.0
BA,4,max,4,0.5,1.0,0.0,1.0,50,15000,1.0,0.0,0.0,0.0,0.0,0.0
BA,4,max,4,0.5,1.0,0.0,1.1,50,15000,1.0,0.0,0.0,0.0,0.0,0.0
BA,4,max,4,0.5,1.0,0.0,1.2,50,15000,1.0,0.0,0.0,0.0,0.0,0.0
BA,4,max,4,0.5,1.0,0.0,1.3,50,15000,1.0,0.0,0.0,0.0,0.0,0.0
BA,4,max,4,0.5,1.0,0.0,1.4,50,15000,1.0,0.0,0.0,0.0,0.0,0.0
BA,4,max,4,0.5,1.0,0.0,1.5,50,15000,1.0,0.0,0.0,0.0,0.0,0.0
BA,4,max,4,0.5,1.0,0.0,1.6,50,15000,0.98,0.13999999999999999,0.019798989873223326,0.0,0.0,0.0
BA,4,max,4,0.5,1.0,0.0,1.7,50,15000,0.98,0.13999999999999999,0.019798989873223326,0.0,0.0,0.0
BA,4,max,4,0.5,1.0,0.0,1.8,50,15000,0.7347777333333334,0.16410766185165698,0.02320832810799511,0.0,0.0,0.0
BA,4,max,4,0.5,1.0,0.0,1.9,50,15000,0.5908133333333335,0.12532354039755572,0.017723425051483575,0.0,0.0,0.0
BA,4,max,4,0.5,1.0,0.0,2.0,50,15000,0.5271337333333336,0.07827892094197524,0.011070311164407267,0.0,0.0,0.0
BA,4,max,4,0.5,1.0,0.1,1.0,50,15000,1.0,0.0,0.0,0.0,0.0,0.0
BA,4,max,4,0.5,1.0,0.1,1.1,50,15000,1.0,0.0,0.0,0.0,0.0,0.0
BA,4,max,4,0.5,1.0,0.1,1.2,50,15000,1.0,0.0,0.0,0.0,0.0,0.0
BA,4,max,4,0.5,1.0,0.1,1.3,50,15000,1.0,0.0,0.0,0.0,0.0,0.0
BA,4,max,4,0.5,1.0,0.1,1.4,50,15000,0.98,0.13999999999999999,0.019798989873223326,0.0,0.0,0.0
BA,4,max,4,0.5,1.0,0.1,1.5,50,15000,1.0,0.0,0.0,0.0,0.0,0.0
BA,4,max,4,0.5,1.0,0.1,1.6,50,15000,0.98,0.13999999999999999,0.019798989873223326,0.0,0.0,0.0
BA,4,max,4,0.5,1.0,0.1,1.7,50,15000,1.0,0.0,0.0,0.0,0.0,0.0
BA,4,max,4,0.5,1.0,0.1,1.8,50,15000,0.7875590666666664,0.0912547624962118,0.012905372275327839,0.0,0.0,0.0
BA,4,max,4,0.5,1.0,0.1,1.9,50,15000,0.6230489333333334,0.03065293317442139,0.00433497938217829,0.0,0.0,0.0
BA,4,max,4,0.5,1.0,0.1,2.0,50,15000,0.5255388000000002,0.07813782252962467,0.011050356835569718,0.0,0.0,0.0
BA,4,max,4,0.5,1.0,0.2,1.0,50,15000,1.0,0.0,0.0,0.0,0.0,0.0
BA,4,max,4,0.5,1.0,0.2,1.1,50,15000,1.0,0.0,0.0,0.0,0.0,0.0
BA,4,max,4,0.5,1.0,0.2,1.2,50,15000,1.0,0.0,0.0,0.0,0.0,0.0
BA,4,max,4,0.5,1.0,0.2,1.3,50,15000,1.0,0.0,0.0,0.0,0.0,0.0
BA,4,max,4,0.5,1.0,0.2,1.4,50,15000,1.0,0.0,0.0,0.0,0.0,0.0
BA,4,max,4,0.5,1.0,0.2,1.5,50,15000,1.0,0.0,0.0,0.0,0.0,0.0
BA,4,max,4,0.5,1.0,0.2,1.6,50,15000,0.98,0.13999999999999999,0.019798989873223326,0.0,0.0,0.0
BA,4,max,4,0.5,1.0,0.2,1.7,50,15000,0.98,0.13999999999999999,0.019798989873223326,0.0,0.0,0.0
BA,4,max,4,0.5,1.0,0.2,1.8,50,15000,0.7901141333333335,0.06916949370788003,0.00978204361041644,0.0,0.0,0.0
BA,4,max,4,0.5,1.0,0.2,1.9,50,15000,0.6250861333333334,0.03476954572521426,0.004917156312214948,0.0,0.0,0.0
BA,4,max,4,0.5,1.0,0.2,2.0,50,15000,0.5265370666666668,0.07810349845810724,0.011045502678824138,0.0,0.0,0.0
BA,4,max,4,0.5,1.0,0.5,1.0,50,15000,1.0,0.0,0.0,0.0,0.0,0.0
BA,4,max,4,0.5,1.0,0.5,1.1,50,15000,1.0,0.0,0.0,0.0,0.0,0.0
BA,4,max,4,0.5,1.0,0.5,1.2,50,15000,1.0,0.0,0.0,0.0,0.0,0.0
BA,4,max,4,0.5,1.0,0.5,1.3,50,15000,1.0,0.0,0.0,0.0,0.0,0.0
BA,4,max,4,0.5,1.0,0.5,1.4,50,15000,1.0,0.0,0.0,0.0,0.0,0.0
BA,4,max,4,0.5,1.0,0.5,1.5,50,15000,1.0,0.0,0.0,0.0,0.0,0.0
BA,4,max,4,0.5,1.0,0.5,1.6,50,15000,1.0,0.0,0.0,0.0,0.0,0.0
BA,4,max,4,0.5,1.0,0.5,1.7,50,15000,0.98,0.13999999999999999,0.019798989873223326,0.0,0.0,0.0
BA,4,max,4,0.5,1.0,0.5,1.8,50,15000,0.7758665333333334,0.13667863682531628,0.019329278188502903,0.0,0.0,0.0
BA,4,max,4,0.5,1.0,0.5,1.9,50,15000,0.6168694666666666,0.09286479431555918,0.013133065158805168,0.0,0.0,0.0
BA,4,max,4,0.5,1.0,0.5,2.0,50,15000,0.5340596000000002,0.07934434824832273,0.011220985339043194,0.0,0.0,0.0
BA,4,max,4,0.5,1.0,0.7,1.0,50,15000,1.0,0.0,0.0,0.0,0.0,0.0
BA,4,max,4,0.5,1.0,0.7,1.1,50,15000,1.0,0.0,0.0,0.0,0.0,0.0
BA,4,max,4,0.5,1.0,0.7,1.2,50,15000,1.0,0.0,0.0,0.0,0.0,0.0
BA,4,max,4,0.5,1.0,0.7,1.3,50,15000,1.0,0.0,0.0,0.0,0.0,0.0
BA,4,max,4,0.5,1.0,0.7,1.4,50,15000,1.0,0.0,0.0,0.0,0.0,0.0
BA,4,max,4,0.5,1.0,0.7,1.5,50,15000,1.0,0.0,0.0,0.0,0.0,0.0
BA,4,max,4,0.5,1.0,0.7,1.6,50,15000,0.98,0.13999999999999999,0.019798989873223326,0.0,0.0,0.0
BA,4,max,4,0.5,1.0,0.7,1.7,50,15000,0.98,0.13999999999999999,0.019798989873223326,0.0,0.0,0.0
BA,4,max,4,0.5,1.0,0.7,1.8,50,15000,0.7485298666666665,0.1716807651077494,0.024279326641396884,0.0,0.0,0.0
BA,4,max,4,0.5,1.0,0.7,1.9,50,15000,0.6122846666666666,0.09652211566728561,0.013650288504561991,0.0,0.0,0.0
BA,4,max,4,0.5,1.0,0.7,2.0,50,15000,0.5238214666666668,0.07673888854828867,0.010852517694642723,0.0,0.0,0.0
BA,4,max,4,0.5,1.0,1.0,1.0,50,15000,1.0,0.0,0.0,0.0,0.0,0.0
BA,4,max,4,0.5,1.0,1.0,1.1,50,15000,1.0,0.0,0.0,0.0,0.0,0.0
BA,4,max,4,0.5,1.0,1.0,1.2,50,15000,1.0,0.0,0.0,0.0,0.0,0.0
BA,4,max,4,0.5,1.0,1.0,1.3,50,15000,1.0,0.0,0.0,0.0,0.0,0.0
BA,4,max,4,0.5,1.0,1.0,1.4,50,15000,1.0,0.0,0.0,0.0,0.0,0.0
BA,4,max,4,0.5,1.0,1.0,1.5,50,15000,1.0,0.0,0.0,0.0,0.0,0.0
BA,4,max,4,0.5,1.0,1.0,1.6,50,15000,1.0,0.0,0.0,0.0,0.0,0.0
BA,4,max,4,0.5,1.0,1.0,1.7,50,15000,0.98,0.13999999999999999,0.019798989873223326,0.0,0.0,0.0
BA,4,max,4,0.5,1.0,1.0,1.8,50,15000,0.8006230666666668,0.15419650023530945,0.021806678190324075,0.0,0.0,0.0
BA,4,max,4,0.5,1.0,1.0,1.9,50,15000,0.6220903999999998,0.09754013184927171,0.013794257733689993,0.0,0.0,0.0
BA,4,max,4,0.5,1.0,1.0,2.0,50,15000,0.5305976000000002,0.0783844706021119,0.011085238140494181,0.0,0.0,0.0
BA,4,max,4,0.5,1.0,2.0,1.0,50,15000,1.0,0.0,0.0,0.0,0.0,0.0
BA,4,max,4,0.5,1.0,2.0,1.1,50,15000,1.0,0.0,0.0,0.0,0.0,0.0
BA,4,max,4,0.5,1.0,2.0,1.2,50,15000,1.0,0.0,0.0,0.0,0.0,0.0
BA,4,max,4,0.5,1.0,2.0,1.3,50,15000,1.0,0.0,0.0,0.0,0.0,0.0
BA,4,max,4,0.5,1.0,2.0,1.4,50,15000,1.0,0.0,0.0,0.0,0.0,0.0
BA,4,max,4,0.5,1.0,2.0,1.5,50,15000,1.0,0.0,0.0,0.0,0.0,0.0
BA,4,max,4,0.5,1.0,2.0,1.6,50,15000,1.0,0.0,0.0,0.0,0.0,0.0
BA,4,max,4,0.5,1.0,2.0,1.7,50,15000,1.0,0.0,0.0,0.0,0.0,0.0
BA,4,max,4,0.5,1.0,2.0,1.8,50,15000,0.7816174666666668,0.08613373983278702,0.012181150304944308,0.0,0.0,0.0
BA,4,max,4,0.5,1.0,2.0,1.9,50,15000,0.6159704,0.09467661916847961,0.01338929588676964,0.0,0.0,0.0
BA,4,max,4,0.5,1.0,2.0,2.0,50,15000,0.5185945333333336,0.10737778515287877,0.01518551200607855,0.0,0.0,0.0
BA,16,max,4,0.5,0.8,0.0,1.0,50,15000,1.0,0.0,0.0,0.0,0.0,0.0
BA,16,max,4,0.5,0.8,0.0,1.1,50,15000,1.0,0.0,0.0,0.0,0.0,0.0
BA,16,max,4,0.5,0.8,0.0,1.2,50,15000,0.98,0.13999999999999999,0.019798989873223326,0.0,0.0,0.0
BA,16,max,4,0.5,0.8,0.0,1.3,50,15000,0.6,0.4898979485566356,0.06928203230275509,0.0,0.0,0.0
BA,16,max,4,0.5,0.8,0.0,1.4,50,15000,0.06,0.23748684174075835,0.03358571124749333,0.0,0.0,0.0
BA,16,max,4,0.5,0.8,0.0,1.5,50,15000,0.0,0.0,0.0,0.0,0.0,0.0
BA,16,max,4,0.5,0.8,0.0,1.6,50,15000,0.0,0.0,0.0,0.0,0.0,0.0
BA,16,max,4,0.5,0.8,0.0,1.7,50,15000,0.0,0.0,0.0,0.0,0.0,0.0
BA,16,max,4,0.5,0.8,0.0,1.8,50,15000,0.0,0.0,0.0,0.0,0.0,0.0
BA,16,max,4,0.5,0.8,0.0,1.9,50,15000,0.0,0.0,0.0,0.0,0.0,0.0
BA,16,max,4,0.5,0.8,0.0,2.0,50,15000,0.0,0.0,0.0,0.0,0.0,0.0
BA,16,max,4,0.5,0.8,0.1,1.0,50,15000,1.0,0.0,0.0,0.0,0.0,0.0
BA,16,max,4,0.5,0.8,0.1,1.1,50,15000,1.0,0.0,0.0,0.0,0.0,0.0
BA,16,max,4,0.5,0.8,0.1,1.2,50,15000,1.0,0.0,0.0,0.0,0.0,0.0
BA,16,max,4,0.5,0.8,0.1,1.3,50,15000,0.58,0.4935585071701226,0.06979971346646059,0.0,0.0,0.0
BA,16,max,4,0.5,0.8,0.1,1.4,50,15000,0.02,0.13999999999999999,0.019798989873223326,0.0,0.0,0.0
BA,16,max,4,0.5,0.8,0.1,1.5,50,15000,0.0,0.0,0.0,0.0,0.0,0.0
BA,16,max,4,0.5,0.8,0.1,1.6,50,15000,0.0,0.0,0.0,0.0,0.0,0.0
BA,16,max,4,0.5,0.8,0.1,1.7,50,15000,0.0,0.0,0.0,0.0,0.0,0.0
BA,16,max,4,0.5,0.8,0.1,1.8,50,15000,0.0,0.0,0.0,0.0,0.0,0.0
BA,16,max,4,0.5,0.8,0.1,1.9,50,15000,0.0,0.0,0.0,0.0,0.0,0.0
BA,16,max,4,0.5,0.8,0.1,2.0,50,15000,0.0,0.0,0.0,0.0,0.0,0.0
BA,16,max,4,0.5,0.8,0.2,1.0,50,15000,1.0,0.0,0.0,0.0,0.0,0.0
BA,16,max,4,0.5,0.8,0.2,1.1,50,15000,1.0,0.0,0.0,0.0,0.0,0.0
BA,16,max,4,0.5,0.8,0.2,1.2,50,15000,0.98,0.13999999999999999,0.019798989873223326,0.0,0.0,0.0
BA,16,max,4,0.5,0.8,0.2,1.3,50,15000,0.54,0.49839743177508455,0.07048404074682439,0.0,0.0,0.0
BA,16,max,4,0.5,0.8,0.2,1.4,50,15000,0.12,0.3249615361854384,0.04595650117230422,0.0,0.0,0.0
BA,16,max,4,0.5,0.8,0.2,1.5,50,15000,0.0,0.0,0.0,0.0,0.0,0.0
BA,16,max,4,0.5,0.8,0.2,1.6,50,15000,0.0,0.0,0.0,0.0,0.0,0.0
BA,16,max,4,0.5,0.8,0.2,1.7,50,15000,0.0,0.0,0.0,0.0,0.0,0.0
BA,16,max,4,0.5,0.8,0.2,1.8,50,15000,0.0,0.0,0.0,0.0,0.0,0.0
BA,16,max,4,0.5,0.8,0.2,1.9,50,15000,0.0,0.0,0.0,0.0,0.0,0.0
BA,16,max,4,0.5,0.8,0.2,2.0,50,15000,0.0,0.0,0.0,0.0,0.0,0.0
BA,16,max,4,0.5,0.8,0.5,1.0,50,15000,1.0,0.0,0.0,0.0,0.0,0.0
BA,16,max,4,0.5,0.8,0.5,1.1,50,15000,1.0,0.0,0.0,0.0,0.0,0.0
BA,16,max,4,0.5,0.8,0.5,1.2,50,15000,0.98,0.13999999999999999,0.019798989873223326,0.0,0.0,0.0
BA,16,max,4,0.5,0.8,0.5,1.3,50,15000,0.68,0.46647615158762407,0.06596969000988256,0.0,0.0,0.0
BA,16,max,4,0.5,0.8,0.5,1.4,50,15000,0.08,0.2712931993250107,0.03836665218650175,0.0,0.0,0.0
BA,16,max,4,0.5,0.8,0.5,1.5,50,15000,0.0,0.0,0.0,0.0,0.0,0.0
BA,16,max,4,0.5,0.8,0.5,1.6,50,15000,0.0,0.0,0.0,0.0,0.0,0.0
BA,16,max,4,0.5,0.8,0.5,1.7,50,15000,0.0,0.0,0.0,0.0,0.0,0.0
BA,16,max,4,0.5,0.8,0.5,1.8,50,15000,0.0,0.0,0.0,0.0,0.0,0.0
BA,16,max,4,0.5,0.8,0.5,1.9,50,15000,0.0,0.0,0.0,0.0,0.0,0.0
BA,16,max,4,0.5,0.8,0.5,2.0,50,15000,0.0,0.0,0.0,0.0,0.0,0.0
BA,16,max,4,0.5,0.8,0.7,1.0,50,15000,1.0,0.0,0.0,0.0,0.0,0.0
BA,16,max,4,0.5,0.8,0.7,1.1,50,15000,1.0,0.0,0.0,0.0,0.0,0.0
BA,16,max,4,0.5,0.8,0.7,1.2,50,15000,0.96,0.19595917942265428,0.02771281292110204,0.0,0.0,0.0
BA,16,max,4,0.5,0.8,0.7,1.3,50,15000,0.7,0.458257569495584,0.0648074069840786,0.0,0.0,0.0
BA,16,max,4,0.5,0.8,0.7,1.4,50,15000,0.02,0.13999999999999999,0.019798989873223326,0.0,0.0,0.0
BA,16,max,4,0.5,0.8,0.7,1.5,50,15000,0.0,0.0,0.0,0.0,0.0,0.0
BA,16,max,4,0.5,0.8,0.7,1.6,50,15000,0.0,0.0,0.0,0.0,0.0,0.0
BA,16,max,4,0.5,0.8,0.7,1.7,50,15000,0.0,0.0,0.0,0.0,0.0,0.0
BA,16,max,4,0.5,0.8,0.7,1.8,50,15000,0.0,0.0,0.0,0.0,0.0,0.0
BA,16,max,4,0.5,0.8,0.7,1.9,50,15000,0.0,0.0,0.0,0.0,0.0,0.0
BA,16,max,4,0.5,0.8,0.7,2.0,50,15000,0.0,0.0,0.0,0.0,0.0,0.0
BA,16,max,4,0.5,0.8,1.0,1.0,50,15000,1.0,0.0,0.0,0.0,0.0,0.0
BA,16,max,4,0.5,0.8,1.0,1.1,50,15000,1.0,0.0,0.0,0.0,0.0,0.0
BA,16,max,4,0.5,0.8,1.0,1.2,50,15000,0.98,0.13999999999999999,0.019798989873223326,0.0,0.0,0.0
BA,16,max,4,0.5,0.8,1.0,1.3,50,15000,0.66,0.4737087712930805,0.0669925368977769,0.0,0.0,0.0
BA,16,max,4,0.5,0.8,1.0,1.4,50,15000,0.06,0.23748684174075835,0.03358571124749333,0.0,0.0,0.0
BA,16,max,4,0.5,0.8,1.0,1.5,50,15000,0.0,0.0,0.0,0.0,0.0,0.0
BA,16,max,4,0.5,0.8,1.0,1.6,50,15000,0.0,0.0,0.0,0.0,0.0,0.0
BA,16,max,4,0.5,0.8,1.0,1.7,50,15000,0.0,0.0,0.0,0.0,0.0,0.0
BA,16,max,4,0.5,0.8,1.0,1.8,50,15000,0.0,0.0,0.0,0.0,0.0,0.0
BA,16,max,4,0.5,0.8,1.0,1.9,50,15000,0.0,0.0,0.0,0.0,0.0,0.0
BA,16,max,4,0.5,0.8,1.0,2.0,50,15000,0.0,0.0,0.0,0.0,0.0,0.0
BA,16,max,4,0.5,0.8,2.0,1.0,50,15000,1.0,0.0,0.0,0.0,0.0,0.0
BA,16,max,4,0.5,0.8,2.0,1.1,50,15000,0.98,0.13999999999999999,0.019798989873223326,0.0,0.0,0.0
BA,16,max,4,0.5,0.8,2.0,1.2,50,15000,0.98,0.13999999999999999,0.019798989873223326,0.0,0.0,0.0
BA,16,max,4,0.5,0.8,2.0,1.3,50,15000,0.58,0.4935585071701226,0.06979971346646059,0.0,0.0,0.0
BA,16,max,4,0.5,0.8,2.0,1.4,50,15000,0.08,0.2712931993250107,0.03836665218650175,0.0,0.0,0.0
BA,16,max,4,0.5,0.8,2.0,1.5,50,15000,0.0,0.0,0.0,0.0,0.0,0.0
BA,16,max,4,0.5,0.8,2.0,1.6,50,15000,0.0,0.0,0.0,0.0,0.0,0.0
BA,16,max,4,0.5,0.8,2.0,1.7,50,15000,0.0,0.0,0.0,0.0,0.0,0.0
BA,16,max,4,0.5,0.8,2.0,1.8,50,15000,0.0,0.0,0.0,0.0,0.0,0.0
BA,16,max,4,0.5,0.8,2.0,1.9,50,15000,0.0,0.0,0.0,0.0,0.0,0.0
BA,16,max,4,0.5,0.8,2.0,2.0,50,15000,0.0,0.0,0.0,0.0,0.0,0.0
BA,16,max,4,0.5,0.9,0.0,1.0,50,15000,1.0,0.0,0.0,0.0,0.0,0.0
BA,16,max,4,0.5,0.9,0.0,1.1,50,15000,1.0,0.0,0.0,0.0,0.0,0.0
BA,16,max,4,0.5,0.9,0.0,1.2,50,15000,1.0,0.0,0.0,0.0,0.0,0.0
BA,16,max,4,0.5,0.9,0.0,1.3,50,15000,0.6,0.4898979485566356,0.06928203230275509,0.0,0.0,0.0
BA,16,max,4,0.5,0.9,0.0,1.4,50,15000,0.02,0.13999999999999999,0.019798989873223326,0.0,0.0,0.0
BA,16,max,4,0.5,0.9,0.0,1.5,50,15000,0.0,0.0,0.0,0.0,0.0,0.0
BA,16,max,4,0.5,0.9,0.0,1.6,50,15000,0.0,0.0,0.0,0.0,0.0,0.0
BA,16,max,4,0.5,0.9,0.0,1.7,50,15000,0.0,0.0,0.0,0.0,0.0,0.0
BA,16,max,4,0.5,0.9,0.0,1.8,50,15000,0.0,0.0,0.0,0.0,0.0,0.0
BA,16,max,4,0.5,0.9,0.0,1.9,50,15000,0.0,0.0,0.0,0.0,0.0,0.0
BA,16,max,4,0.5,0.9,0.0,2.0,50,15000,0.0,0.0,0.0,0.0,0.0,0.0
BA,16,max,4,0.5,0.9,0.1,1.0,50,15000,1.0,0.0,0.0,0.0,0.0,0.0
BA,16,max,4,0.5,0.9,0.1,1.1,50,15000,1.0,0.0,0.0,0.0,0.0,0.0
BA,16,max,4,0.5,0.9,0.1,1.2,50,15000,0.98,0.13999999999999999,0.019798989873223326,0.0,0.0,0.0
BA,16,max,4,0.5,0.9,0.1,1.3,50,15000,0.54,0.49839743177508455,0.07048404074682439,0.0,0.0,0.0
BA,16,max,4,0.5,0.9,0.1,1.4,50,15000,0.12,0.3249615361854384,0.04595650117230422,0.0,0.0,0.0
BA,16,max,4,0.5,0.9,0.1,1.5,50,15000,0.0,0.0,0.0,0.0,0.0,0.0
BA,16,max,4,0.5,0.9,0.1,1.6,50,15000,0.0,0.0,0.0,0.0,0.0,0.0
BA,16,max,4,0.5,0.9,0.1,1.7,50,15000,0.0,0.0,0.0,0.0,0.0,0.0
BA,16,max,4,0.5,0.9,0.1,1.8,50,15000,0.0,0.0,0.0,0.0,0.0,0.0
BA,16,max,4,0.5,0.9,0.1,1.9,50,15000,0.0,0.0,0.0,0.0,0.0,0.0
BA,16,max,4,0.5,0.9,0.1,2.0,50,15000,0.0,0.0,0.0,0.0,0.0,0.0
BA,16,max,4,0.5,0.9,0.2,1.0,50,15000,1.0,0.0,0.0,0.0,0.0,0.0
BA,16,max,4,0.5,0.9,0.2,1.1,50,15000,1.0,0.0,0.0,0.0,0.0,0.0
BA,16,max,4,0.5,0.9,0.2,1.2,50,15000,0.94,0.23748684174075838,0.033585711247493336,0.0,0.0,0.0
BA,16,max,4,0.5,0.9,0.2,1.3,50,15000,0.54,0.49839743177508455,0.07048404074682439,0.0,0.0,0.0
BA,16,max,4,0.5,0.9,0.2,1.4,50,15000,0.0,0.0,0.0,0.0,0.0,0.0
BA,16,max,4,0.5,0.9,0.2,1.5,50,15000,0.0,0.0,0.0,0.0,0.0,0.0
BA,16,max,4,0.5,0.9,0.2,1.6,50,15000,0.0,0.0,0.0,0.0,0.0,0.0
BA,16,max,4,0.5,0.9,0.2,1.7,50,15000,0.0,0.0,0.0,0.0,0.0,0.0
BA,16,max,4,0.5,0.9,0.2,1.8,50,15000,0.0,0.0,0.0,0.0,0.0,0.0
BA,16,max,4,0.5,0.9,0.2,1.9,50,15000,0.0,0.0,0.0,0.0,0.0,0.0
BA,16,max,4,0.5,0.9,0.2,2.0,50,15000,0.0,0.0,0.0,0.0,0.0,0.0
BA,16,max,4,0.5,0.9,0.5,1.0,50,15000,1.0,0.0,0.0,0.0,0.0,0.0
BA,16,max,4,0.5,0.9,0.5,1.1,50,15000,1.0,0.0,0.0,0.0,0.0,0.0
BA,16,max,4,0.5,0.9,0.5,1.2,50,15000,0.98,0.13999999999999999,0.019798989873223326,0.0,0.0,0.0
BA,16,max,4,0.5,0.9,0.5,1.3,50,15000,0.62,0.4853864439804639,0.06864400920692205,0.0,0.0,0.0
BA,16,max,4,0.5,0.9,0.5,1.4,50,15000,0.04,0.19595917942265428,0.02771281292110204,0.0,0.0,0.0
BA,16,max,4,0.5,0.9,0.5,1.5,50,15000,0.0,0.0,0.0,0.0,0.0,0.0
BA,16,max,4,0.5,0.9,0.5,1.6,50,15000,0.0,0.0,0.0,0.0,0.0,0.0
BA,16,max,4,0.5,0.9,0.5,1.7,50,15000,0.0,0.0,0.0,0.0,0.0,0.0
BA,16,max,4,0.5,0.9,0.5,1.8,50,15000,0.0,0.0,0.0,0.0,0.0,0.0
BA,16,max,4,0.5,0.9,0.5,1.9,50,15000,0.0,0.0,0.0,0.0,0.0,0.0
BA,16,max,4,0.5,0.9,0.5,2.0,50,15000,0.0,0.0,0.0,0.0,0.0,0.0
BA,16,max,4,0.5,0.9,0.7,1.0,50,15000,1.0,0.0,0.0,0.0,0.0,0.0
BA,16,max,4,0.5,0.9,0.7,1.1,50,15000,1.0,0.0,0.0,0.0,0.0,0.0
BA,16,max,4,0.5,0.9,0.7,1.2,50,15000,1.0,0.0,0.0,0.0,0.0,0.0
BA,16,max,4,0.5,0.9,0.7,1.3,50,15000,0.6,0.4898979485566356,0.06928203230275509,0.0,0.0,0.0
BA,16,max,4,0.5,0.9,0.7,1.4,50,15000,0.04,0.19595917942265428,0.02771281292110204,0.0,0.0,0.0
BA,16,max,4,0.5,0.9,0.7,1.5,50,15000,0.0,0.0,0.0,0.0,0.0,0.0
BA,16,max,4,0.5,0.9,0.7,1.6,50,15000,0.0,0.0,0.0,0.0,0.0,0.0
BA,16,max,4,0.5,0.9,0.7,1.7,50,15000,0.0,0.0,0.0,0.0,0.0,0.0
BA,16,max,4,0.5,0.9,0.7,1.8,50,15000,0.0,0.0,0.0,0.0,0.0,0.0
BA,16,max,4,0.5,0.9,0.7,1.9,50,15000,0.0,0.0,0.0,0.0,0.0,0.0
BA,16,max,4,0.5,0.9,0.7,2.0,50,15000,0.0,0.0,0.0,0.0,0.0,0.0
BA,16,max,4,0.5,0.9,1.0,1.0,50,15000,1.0,0.0,0.0,0.0,0.0,0.0
BA,16,max,4,0.5,0.9,1.0,1.1,50,15000,1.0,0.0,0.0,0.0,0.0,0.0
BA,16,max,4,0.5,0.9,1.0,1.2,50,15000,0.94,0.23748684174075838,0.033585711247493336,0.0,0.0,0.0
BA,16,max,4,0.5,0.9,1.0,1.3,50,15000,0.58,0.4935585071701226,0.06979971346646059,0.0,0.0,0.0
BA,16,max,4,0.5,0.9,1.0,1.4,50,15000,0.04,0.19595917942265428,0.02771281292110204,0.0,0.0,0.0
BA,16,max,4,0.5,0.9,1.0,1.5,50,15000,0.0,0.0,0.0,0.0,0.0,0.0
BA,16,max,4,0.5,0.9,1.0,1.6,50,15000,0.0,0.0,0.0,0.0,0.0,0.0
BA,16,max,4,0.5,0.9,1.0,1.7,50,15000,0.0,0.0,0.0,0.0,0.0,0.0
BA,16,max,4,0.5,0.9,1.0,1.8,50,15000,0.0,0.0,0.0,0.0,0.0,0.0
BA,16,max,4,0.5,0.9,1.0,1.9,50,15000,0.0,0.0,0.0,0.0,0.0,0.0
BA,16,max,4,0.5,0.9,1.0,2.0,50,15000,0.0,0.0,0.0,0.0,0.0,0.0
BA,16,max,4,0.5,0.9,2.0,1.0,50,15000,1.0,0.0,0.0,0.0,0.0,0.0
BA,16,max,4,0.5,0.9,2.0,1.1,50,15000,0.98,0.13999999999999999,0.019798989873223326,0.0,0.0,0.0
BA,16,max,4,0.5,0.9,2.0,1.2,50,15000,1.0,0.0,0.0,0.0,0.0,0.0
BA,16,max,4,0.5,0.9,2.0,1.3,50,15000,0.62,0.4853864439804639,0.06864400920692205,0.0,0.0,0.0
BA,16,max,4,0.5,0.9,2.0,1.4,50,15000,0.1,0.3,0.04242640687119285,0.0,0.0,0.0
BA,16,max,4,0.5,0.9,2.0,1.5,50,15000,0.0,0.0,0.0,0.0,0.0,0.0
BA,16,max,4,0.5,0.9,2.0,1.6,50,15000,0.0,0.0,0.0,0.0,0.0,0.0
BA,16,max,4,0.5,0.9,2.0,1.7,50,15000,0.0,0.0,0.0,0.0,0.0,0.0
BA,16,max,4,0.5,0.9,2.0,1.8,50,15000,0.0,0.0,0.0,0.0,0.0,0.0
BA,16,max,4,0.5,0.9,2.0,1.9,50,15000,0.0,0.0,0.0,0.0,0.0,0.0
BA,16,max,4,0.5,0.9,2.0,2.0,50,15000,0.0,0.0,0.0,0.0,0.0,0.0
BA,16,max,4,0.5,1.0,0.0,1.0,50,15000,1.0,0.0,0.0,0.0,0.0,0.0
BA,16,max,4,0.5,1.0,0.0,1.1,50,15000,1.0,0.0,0.0,0.0,0.0,0.0
BA,16,max,4,0.5,1.0,0.0,1.2,50,15000,0.98,0.13999999999999999,0.019798989873223326,0.0,0.0,0.0
BA,16,max,4,0.5,1.0,0.0,1.3,50,15000,0.56,0.4963869458396342,0.07019971509913697,0.0,0.0,0.0
BA,16,max,4,0.5,1.0,0.0,1.4,50,15000,0.12,0.3249615361854384,0.04595650117230422,0.0,0.0,0.0
BA,16,max,4,0.5,1.0,0.0,1.5,50,15000,0.0,0.0,0.0,0.0,0.0,0.0
BA,16,max,4,0.5,1.0,0.0,1.6,50,15000,0.0,0.0,0.0,0.0,0.0,0.0
BA,16,max,4,0.5,1.0,0.0,1.7,50,15000,0.0,0.0,0.0,0.0,0.0,0.0
BA,16,max,4,0.5,1.0,0.0,1.8,50,15000,0.0,0.0,0.0,0.0,0.0,0.0
BA,16,max,4,0.5,1.0,0.0,1.9,50,15000,0.0,0.0,0.0,0.0,0.0,0.0
BA,16,max,4,0.5,1.0,0.0,2.0,50,15000,0.0,0.0,0.0,0.0,0.0,0.0
BA,16,max,4,0.5,1.0,0.1,1.0,50,15000,1.0,0.0,0.0,0.0,0.0,0.0
BA,16,max,4,0.5,1.0,0.1,1.1,50,15000,1.0,0.0,0.0,0.0,0.0,0.0
BA,16,max,4,0.5,1.0,0.1,1.2,50,15000,0.94,0.23748684174075838,0.033585711247493336,0.0,0.0,0.0
BA,16,max,4,0.5,1.0,0.1,1.3,50,15000,0.54,0.49839743177508455,0.07048404074682439,0.0,0.0,0.0
BA,16,max,4,0.5,1.0,0.1,1.4,50,15000,0.02,0.13999999999999999,0.019798989873223326,0.0,0.0,0.0
BA,16,max,4,0.5,1.0,0.1,1.5,50,15000,0.0,0.0,0.0,0.0,0.0,0.0
BA,16,max,4,0.5,1.0,0.1,1.6,50,15000,0.0,0.0,0.0,0.0,0.0,0.0
BA,16,max,4,0.5,1.0,0.1,1.7,50,15000,0.0,0.0,0.0,0.0,0.0,0.0
BA,16,max,4,0.5,1.0,0.1,1.8,50,15000,0.0,0.0,0.0,0.0,0.0,0.0
BA,16,max,4,0.5,1.0,0.1,1.9,50,15000,0.0,0.0,0.0,0.0,0.0,0.0
BA,16,max,4,0.5,1.0,0.1,2.0,50,15000,0.0,0.0,0.0,0.0,0.0,0.0
BA,16,max,4,0.5,1.0,0.2,1.0,50,15000,1.0,0.0,0.0,0.0,0.0,0.0
BA,16,max,4,0.5,1.0,0.2,1.1,50,15000,1.0,0.0,0.0,0.0,0.0,0.0
BA,16,max,4,0.5,1.0,0.2,1.2,50,15000,0.98,0.13999999999999999,0.019798989873223326,0.0,0.0,0.0
BA,16,max,4,0.5,1.0,0.2,1.3,50,15000,0.48,0.49959983987187184,0.07065408693062276,0.0,0.0,0.0
BA,16,max,4,0.5,1.0,0.2,1.4,50,15000,0.06,0.23748684174075835,0.03358571124749333,0.0,0.0,0.0
BA,16,max,4,0.5,1.0,0.2,1.5,50,15000,0.0,0.0,0.0,0.0,0.0,0.0
BA,16,max,4,0.5,1.0,0.2,1.6,50,15000,0.0,0.0,0.0,0.0,0.0,0.0
BA,16,max,4,0.5,1.0,0.2,1.7,50,15000,0.0,0.0,0.0,0.0,0.0,0.0
BA,16,max,4,0.5,1.0,0.2,1.8,50,15000,0.0,0.0,0.0,0.0,0.0,0.0
BA,16,max,4,0.5,1.0,0.2,1.9,50,15000,0.0,0.0,0.0,0.0,0.0,0.0
BA,16,max,4,0.5,1.0,0.2,2.0,50,15000,0.0,0.0,0.0,0.0,0.0,0.0
BA,16,max,4,0.5,1.0,0.5,1.0,50,15000,1.0,0.0,0.0,0.0,0.0,0.0
BA,16,max,4,0.5,1.0,0.5,1.1,50,15000,1.0,0.0,0.0,0.0,0.0,0.0
BA,16,max,4,0.5,1.0,0.5,1.2,50,15000,0.98,0.13999999999999999,0.019798989873223326,0.0,0.0,0.0
BA,16,max,4,0.5,1.0,0.5,1.3,50,15000,0.66,0.4737087712930805,0.0669925368977769,0.0,0.0,0.0
BA,16,max,4,0.5,1.0,0.5,1.4,50,15000,0.04,0.19595917942265426,0.027712812921102038,0.0,0.0,0.0
BA,16,max,4,0.5,1.0,0.5,1.5,50,15000,0.0,0.0,0.0,0.0,0.0,0.0
BA,16,max,4,0.5,1.0,0.5,1.6,50,15000,0.0,0.0,0.0,0.0,0.0,0.0
BA,16,max,4,0.5,1.0,0.5,1.7,50,15000,0.0,0.0,0.0,0.0,0.0,0.0
BA,16,max,4,0.5,1.0,0.5,1.8,50,15000,0.0,0.0,0.0,0.0,0.0,0.0
BA,16,max,4,0.5,1.0,0.5,1.9,50,15000,0.0,0.0,0.0,0.0,0.0,0.0
BA,16,max,4,0.5,1.0,0.5,2.0,50,15000,0.0,0.0,0.0,0.0,0.0,0.0
BA,16,max,4,0.5,1.0,0.7,1.0,50,15000,1.0,0.0,0.0,0.0,0.0,0.0
BA,16,max,4,0.5,1.0,0.7,1.1,50,15000,1.0,0.0,0.0,0.0,0.0,0.0
BA,16,max,4,0.5,1.0,0.7,1.2,50,15000,1.0,0.0,0.0,0.0,0.0,0.0
BA,16,max,4,0.5,1.0,0.7,1.3,50,15000,0.54,0.49839743177508455,0.07048404074682439,0.0,0.0,0.0
BA,16,max,4,0.5,1.0,0.7,1.4,50,15000,0.06,0.23748684174075835,0.03358571124749333,0.0,0.0,0.0
BA,16,max,4,0.5,1.0,0.7,1.5,50,15000,0.0,0.0,0.0,0.0,0.0,0.0
BA,16,max,4,0.5,1.0,0.7,1.6,50,15000,0.0,0.0,0.0,0.0,0.0,0.0
BA,16,max,4,0.5,1.0,0.7,1.7,50,15000,0.0,0.0,0.0,0.0,0.0,0.0
BA,16,max,4,0.5,1.0,0.7,1.8,50,15000,0.0,0.0,0.0,0.0,0.0,0.0
BA,16,max,4,0.5,1.0,0.7,1.9,50,15000,0.0,0.0,0.0,0.0,0.0,0.0
BA,16,max,4,0.5,1.0,0.7,2.0,50,15000,0.0,0.0,0.0,0.0,0.0,0.0
BA,16,max,4,0.5,1.0,1.0,1.0,50,15000,1.0,0.0,0.0,0.0,0.0,0.0
BA,16,max,4,0.5,1.0,1.0,1.1,50,15000,1.0,0.0,0.0,0.0,0.0,0.0
BA,16,max,4,0.5,1.0,1.0,1.2,50,15000,0.98,0.13999999999999999,0.019798989873223326,0.0,0.0,0.0
BA,16,max,4,0.5,1.0,1.0,1.3,50,15000,0.6,0.4898979485566356,0.06928203230275509,0.0,0.0,0.0
BA,16,max,4,0.5,1.0,1.0,1.4,50,15000,0.04,0.19595917942265428,0.02771281292110204,0.0,0.0,0.0
BA,16,max,4,0.5,1.0,1.0,1.5,50,15000,0.0,0.0,0.0,0.0,0.0,0.0
BA,16,max,4,0.5,1.0,1.0,1.6,50,15000,0.0,0.0,0.0,0.0,0.0,0.0
BA,16,max,4,0.5,1.0,1.0,1.7,50,15000,0.0,0.0,0.0,0.0,0.0,0.0
BA,16,max,4,0.5,1.0,1.0,1.8,50,15000,0.0,0.0,0.0,0.0,0.0,0.0
BA,16,max,4,0.5,1.0,1.0,1.9,50,15000,0.0,0.0,0.0,0.0,0.0,0.0
BA,16,max,4,0.5,1.0,1.0,2.0,50,15000,0.0,0.0,0.0,0.0,0.0,0.0
BA,16,max,4,0.5,1.0,2.0,1.0,50,15000,1.0,0.0,0.0,0.0,0.0,0.0
BA,16,max,4,0.5,1.0,2.0,1.1,50,15000,1.0,0.0,0.0,0.0,0.0,0.0
BA,16,max,4,0.5,1.0,2.0,1.2,50,15000,0.96,0.19595917942265428,0.02771281292110204,0.0,0.0,0.0
BA,16,max,4,0.5,1.0,2.0,1.3,50,15000,0.68,0.46647615158762407,0.06596969000988256,0.0,0.0,0.0
BA,16,max,4,0.5,1.0,2.0,1.4,50,15000,0.1,0.3,0.04242640687119285,0.0,0.0,0.0
BA,16,max,4,0.5,1.0,2.0,1.5,50,15000,0.0,0.0,0.0,0.0,0.0,0.0
BA,16,max,4,0.5,1.0,2.0,1.6,50,15000,0.0,0.0,0.0,0.0,0.0,0.0
BA,16,max,4,0.5,1.0,2.0,1.7,50,15000,0.0,0.0,0.0,0.0,0.0,0.0
BA,16,max,4,0.5,1.0,2.0,1.8,50,15000,0.0,0.0,0.0,0.0,0.0,0.0
BA,16,max,4,0.5,1.0,2.0,1.9,50,15000,0.0,0.0,0.0,0.0,0.0,0.0
BA,16,max,4,0.5,1.0,2.0,2.0,50,15000,0.0,0.0,0.0,0.0,0.0,0.0
